ORDERID,ORDERNUMBER,QUANTITYORDERED,PRICEEACH,ORDERLINENUMBER,STATUS
1,10100,30,100.0,3,Shipped
2,10100,50,67.8,2,Shipped
3,10100,22,86.51,4,Shipped
4,10100,49,34.47,1,Shipped
5,10101,25,100.0,4,Shipped
6,10101,26,100.0,1,Shipped
7,10101,45,31.2,3,Shipped
8,10101,46,53.76,2,Shipped
9,10102,39,100.0,2,Shipped
10,10102,41,50.14,1,Shipped
11,10103,26,100.0,11,Shipped
12,10103,42,100.0,4,Shipped
13,10103,27,100.0,8,Shipped
14,10103,35,100.0,10,Shipped
15,10103,22,54.09,2,Shipped
16,10103,27,83.07,12,Shipped
17,10103,35,57.46,14,Shipped
18,10103,25,100.0,13,Shipped
19,10103,46,100.0,16,Shipped
20,10103,36,100.0,5,Shipped
21,10103,41,47.29,9,Shipped
22,10103,36,100.0,1,Shipped
23,10103,25,100.0,15,Shipped
24,10103,31,100.0,3,Shipped
25,10103,45,75.63,7,Shipped
26,10103,42,100.0,6,Shipped
27,10104,34,100.0,1,Shipped
28,10104,41,100.0,9,Shipped
29,10104,24,100.0,8,Shipped
30,10104,29,100.0,12,Shipped
31,10104,23,100.0,13,Shipped
32,10104,38,100.0,3,Shipped
33,10104,35,55.49,6,Shipped
34,10104,44,39.6,10,Shipped
35,10104,26,100.0,5,Shipped
36,10104,35,47.62,11,Shipped
37,10104,49,65.87,4,Shipped
38,10104,33,100.0,7,Shipped
39,10104,32,53.31,2,Shipped
40,10105,50,100.0,2,Shipped
41,10105,41,100.0,15,Shipped
42,10105,29,100.0,14,Shipped
43,10105,22,100.0,11,Shipped
44,10105,38,100.0,13,Shipped
45,10105,41,82.5,10,Shipped
46,10105,43,100.0,9,Shipped
47,10105,44,72.58,4,Shipped
48,10105,50,79.67,1,Shipped
49,10105,41,70.67,5,Shipped
50,10105,29,70.15,12,Shipped
51,10105,31,65.77,3,Shipped
52,10105,39,81.14,6,Shipped
53,10105,22,100.0,7,Shipped
54,10105,25,56.78,8,Shipped
55,10106,36,100.0,12,Shipped
56,10106,34,90.39,2,Shipped
57,10106,41,83.44,18,Shipped
58,10106,41,100.0,17,Shipped
59,10106,28,88.63,4,Shipped
60,10106,49,74.68,13,Shipped
61,10106,31,52.6,14,Shipped
62,10106,50,64.83,11,Shipped
63,10106,26,63.76,3,Shipped
64,10106,33,72.92,5,Shipped
65,10106,39,40.15,6,Shipped
66,10106,31,100.0,7,Shipped
67,10106,30,100.0,16,Shipped
68,10106,34,100.0,9,Shipped
69,10106,32,100.0,1,Shipped
70,10106,44,74.4,8,Shipped
71,10106,48,61.44,10,Shipped
72,10106,48,52.64,15,Shipped
73,10107,30,95.7,2,Shipped
74,10107,39,99.91,5,Shipped
75,10107,27,100.0,4,Shipped
76,10107,21,100.0,1,Shipped
77,10107,29,70.87,6,Shipped
78,10107,25,100.0,3,Shipped
79,10107,38,83.03,7,Shipped
80,10107,20,92.9,8,Shipped
81,10108,33,100.0,6,Shipped
82,10108,45,100.0,4,Shipped
83,10108,39,89.38,7,Shipped
84,10108,36,100.0,3,Shipped
85,10108,38,82.39,2,Shipped
86,10108,26,68.35,9,Shipped
87,10108,29,100.0,8,Shipped
88,10108,43,67.77,12,Shipped
89,10108,44,100.0,11,Shipped
90,10108,35,58.87,15,Shipped
91,10108,30,63.07,5,Shipped
92,10108,40,100.0,1,Shipped
93,10108,31,68.71,10,Shipped
94,10108,27,43.45,13,Shipped
95,10108,31,100.0,16,Shipped
96,10108,34,82.99,14,Shipped
97,10109,26,100.0,4,Shipped
98,10109,38,100.0,3,Shipped
99,10109,26,100.0,1,Shipped
100,10109,46,100.0,5,Shipped
101,10109,47,100.0,2,Shipped
102,10109,29,32.1,6,Shipped
103,10110,37,100.0,16,Shipped
104,10110,42,100.0,7,Shipped
105,10110,32,50.25,6,Shipped
106,10110,33,100.0,4,Shipped
107,10110,31,100.0,1,Shipped
108,10110,28,89.27,8,Shipped
109,10110,42,61.29,9,Shipped
110,10110,36,85.25,13,Shipped
111,10110,29,59.37,15,Shipped
112,10110,20,35.51,3,Shipped
113,10110,39,44.35,2,Shipped
114,10110,43,78.15,11,Shipped
115,10110,46,100.0,10,Shipped
116,10110,27,73.62,12,Shipped
117,10110,37,100.0,14,Shipped
118,10110,48,34.47,5,Shipped
119,10111,33,99.66,6,Shipped
120,10111,48,49.06,5,Shipped
121,10111,28,64.33,2,Shipped
122,10111,43,100.0,1,Shipped
123,10111,39,100.0,4,Shipped
124,10111,26,86.68,3,Shipped
125,10112,29,100.0,1,Shipped
126,10112,23,100.0,2,Shipped
127,10113,21,100.0,2,Shipped
128,10113,49,100.0,4,Shipped
129,10113,50,49.81,3,Shipped
130,10113,23,68.52,1,Shipped
131,10114,31,100.0,8,Shipped
132,10114,39,100.0,3,Shipped
133,10114,45,68.67,6,Shipped
134,10114,48,100.0,4,Shipped
135,10114,41,100.0,9,Shipped
136,10114,21,100.0,5,Shipped
137,10114,24,30.06,1,Shipped
138,10114,32,100.0,7,Shipped
139,10114,28,55.73,2,Shipped
140,10114,42,100.0,10,Shipped
141,10115,46,100.0,5,Shipped
142,10115,46,100.0,4,Shipped
143,10115,47,69.36,2,Shipped
144,10115,44,100.0,1,Shipped
145,10115,27,100.0,3,Shipped
146,10116,27,63.38,1,Shipped
147,10117,33,100.0,9,Shipped
148,10117,43,100.0,10,Shipped
149,10117,39,100.0,8,Shipped
150,10117,26,100.0,5,Shipped
151,10117,21,95.8,7,Shipped
152,10117,22,100.0,12,Shipped
153,10117,23,97.42,4,Shipped
154,10117,41,100.0,3,Shipped
155,10117,21,49.21,11,Shipped
156,10117,38,79.68,6,Shipped
157,10117,45,83.42,1,Shipped
158,10117,50,43.68,2,Shipped
159,10118,36,100.0,1,Shipped
160,10119,46,100.0,11,Shipped
161,10119,43,100.0,3,Shipped
162,10119,21,89.46,9,Shipped
163,10119,27,99.52,8,Shipped
164,10119,41,59.6,4,Shipped
165,10119,35,87.62,13,Shipped
166,10119,20,72.98,5,Shipped
167,10119,35,90.57,10,Shipped
168,10119,28,70.29,2,Shipped
169,10119,25,76.67,14,Shipped
170,10119,29,94.14,7,Shipped
171,10119,38,65.77,12,Shipped
172,10119,26,59.22,1,Shipped
173,10119,28,48.17,6,Shipped
174,10120,29,96.34,3,Shipped
175,10120,46,100.0,2,Shipped
176,10120,29,71.81,8,Shipped
177,10120,46,58.15,4,Shipped
178,10120,35,98.05,1,Shipped
179,10120,39,100.0,10,Shipped
180,10120,34,83.79,5,Shipped
181,10120,29,85.49,9,Shipped
182,10120,22,100.0,6,Shipped
183,10120,29,72.23,11,Shipped
184,10120,49,50.62,12,Shipped
185,10120,47,82.21,13,Shipped
186,10120,24,100.0,15,Shipped
187,10120,24,100.0,7,Shipped
188,10120,43,76.0,14,Shipped
189,10121,34,81.35,5,Shipped
190,10121,50,100.0,4,Shipped
191,10121,32,76.88,2,Shipped
192,10121,25,86.74,3,Shipped
193,10121,44,74.85,1,Shipped
194,10122,42,100.0,10,Shipped
195,10122,37,99.82,8,Shipped
196,10122,32,63.84,11,Shipped
197,10122,20,100.0,7,Shipped
198,10122,34,100.0,2,Shipped
199,10122,43,72.38,6,Shipped
200,10122,31,100.0,1,Shipped
201,10122,25,100.0,3,Shipped
202,10122,21,73.17,13,Shipped
203,10122,21,100.0,12,Shipped
204,10122,35,49.74,16,Shipped
205,10122,28,100.0,15,Shipped
206,10122,39,30.96,4,Shipped
207,10122,34,50.21,9,Shipped
208,10122,43,100.0,5,Shipped
209,10122,29,71.14,14,Shipped
210,10122,31,44.66,17,Shipped
211,10123,26,100.0,2,Shipped
212,10123,46,100.0,3,Shipped
213,10123,34,100.0,4,Shipped
214,10123,50,59.87,1,Shipped
215,10124,21,100.0,6,Shipped
216,10124,42,53.88,5,Shipped
217,10124,42,100.0,3,Shipped
218,10124,36,85.59,7,Shipped
219,10124,23,57.73,8,Shipped
220,10124,22,77.9,12,Shipped
221,10124,45,37.84,2,Shipped
222,10124,22,45.25,1,Shipped
223,10124,32,72.7,10,Shipped
224,10124,25,93.95,9,Shipped
225,10124,49,83.04,11,Shipped
226,10124,43,100.0,13,Shipped
227,10124,46,33.23,4,Shipped
228,10125,32,100.0,1,Shipped
229,10125,34,100.0,2,Shipped
230,10126,38,100.0,11,Shipped
231,10126,22,100.0,4,Shipped
232,10126,21,100.0,8,Shipped
233,10126,38,100.0,10,Shipped
234,10126,42,54.99,17,Shipped
235,10126,43,65.02,2,Shipped
236,10126,31,90.17,12,Shipped
237,10126,46,73.7,14,Shipped
238,10126,30,97.39,13,Shipped
239,10126,38,82.34,16,Shipped
240,10126,50,100.0,5,Shipped
241,10126,43,53.83,9,Shipped
242,10126,27,100.0,1,Shipped
243,10126,34,100.0,15,Shipped
244,10126,43,96.31,3,Shipped
245,10126,26,62.7,7,Shipped
246,10126,45,100.0,6,Shipped
247,10127,46,100.0,2,Shipped
248,10127,46,100.0,3,Shipped
249,10127,42,100.0,1,Shipped
250,10127,24,100.0,11,Shipped
251,10127,45,100.0,10,Shipped
252,10127,45,100.0,14,Shipped
253,10127,22,100.0,15,Shipped
254,10127,25,100.0,5,Shipped
255,10127,20,60.69,8,Shipped
256,10127,39,38.19,12,Shipped
257,10127,20,96.99,7,Shipped
258,10127,45,51.95,13,Shipped
259,10127,29,70.84,6,Shipped
260,10127,46,100.0,9,Shipped
261,10127,46,69.12,4,Shipped
262,10128,41,100.0,2,Shipped
263,10128,41,100.0,4,Shipped
264,10128,43,92.16,1,Shipped
265,10128,32,97.0,3,Shipped
266,10129,33,100.0,2,Shipped
267,10129,45,100.0,9,Shipped
268,10129,41,94.71,4,Shipped
269,10129,50,77.99,1,Shipped
270,10129,31,60.0,5,Shipped
271,10129,45,85.29,3,Shipped
272,10129,42,91.15,6,Shipped
273,10129,30,85.41,7,Shipped
274,10129,32,64.97,8,Shipped
275,10130,40,96.34,2,Shipped
276,10130,33,100.0,1,Shipped
277,10131,21,100.0,4,Shipped
278,10131,35,67.14,5,Shipped
279,10131,29,59.18,6,Shipped
280,10131,50,81.89,3,Shipped
281,10131,22,85.99,8,Shipped
282,10131,40,100.0,1,Shipped
283,10131,26,85.13,2,Shipped
284,10131,21,41.71,7,Shipped
285,10133,49,69.27,3,Shipped
286,10133,41,94.1,5,Shipped
287,10133,46,77.52,4,Shipped
288,10133,23,100.0,1,Shipped
289,10133,49,57.1,6,Shipped
290,10133,27,50.19,7,Shipped
291,10133,24,77.64,8,Shipped
292,10133,27,99.67,2,Shipped
293,10134,41,94.74,2,Shipped
294,10134,27,100.0,5,Shipped
295,10134,31,100.0,4,Shipped
296,10134,20,100.0,1,Shipped
297,10134,30,61.78,6,Shipped
298,10134,35,93.54,3,Shipped
299,10134,43,83.03,7,Shipped
300,10135,42,100.0,7,Shipped
301,10135,48,100.0,5,Shipped
302,10135,24,75.01,8,Shipped
303,10135,29,97.89,4,Shipped
304,10135,48,79.31,3,Shipped
305,10135,45,78.0,10,Shipped
306,10135,42,100.0,9,Shipped
307,10135,45,50.36,13,Shipped
308,10135,31,100.0,12,Shipped
309,10135,29,61.64,16,Shipped
310,10135,20,35.87,1,Shipped
311,10135,27,66.13,6,Shipped
312,10135,47,100.0,2,Shipped
313,10135,23,87.31,11,Shipped
314,10135,33,40.23,14,Shipped
315,10135,30,89.8,17,Shipped
316,10135,44,96.0,15,Shipped
317,10136,25,100.0,2,Shipped
318,10136,36,100.0,1,Shipped
319,10136,41,100.0,3,Shipped
320,10137,44,99.55,2,Shipped
321,10137,37,100.0,3,Shipped
322,10137,31,100.0,4,Shipped
323,10137,26,49.81,1,Shipped
324,10139,31,100.0,7,Shipped
325,10139,49,43.13,6,Shipped
326,10139,41,100.0,8,Shipped
327,10139,46,100.0,1,Shipped
328,10139,20,71.2,3,Shipped
329,10139,20,90.06,2,Shipped
330,10139,30,100.0,5,Shipped
331,10139,29,100.0,4,Shipped
332,10140,37,100.0,11,Shipped
333,10140,26,100.0,4,Shipped
334,10140,38,100.0,8,Shipped
335,10140,32,100.0,10,Shipped
336,10140,46,61.99,2,Shipped
337,10140,40,100.0,5,Shipped
338,10140,29,43.27,9,Shipped
339,10140,47,100.0,1,Shipped
340,10140,26,100.0,3,Shipped
341,10140,28,60.76,7,Shipped
342,10140,36,100.0,6,Shipped
343,10141,21,100.0,5,Shipped
344,10141,39,100.0,4,Shipped
345,10141,47,100.0,8,Shipped
346,10141,34,100.0,9,Shipped
347,10141,20,54.33,2,Shipped
348,10141,21,42.43,6,Shipped
349,10141,40,94.62,1,Shipped
350,10141,24,45.99,7,Shipped
351,10141,44,100.0,3,Shipped
352,10142,33,100.0,12,Shipped
353,10142,33,100.0,13,Shipped
354,10142,46,100.0,11,Shipped
355,10142,47,100.0,8,Shipped
356,10142,22,97.81,10,Shipped
357,10142,24,100.0,15,Shipped
358,10142,24,70.22,7,Shipped
359,10142,33,100.0,6,Shipped
360,10142,49,98.25,1,Shipped
361,10142,42,74.57,16,Shipped
362,10142,42,49.79,14,Shipped
363,10142,41,64.0,2,Shipped
364,10142,43,84.01,9,Shipped
365,10142,21,100.0,3,Shipped
366,10142,38,85.41,4,Shipped
367,10142,39,44.23,5,Shipped
368,10143,49,100.0,15,Shipped
369,10143,32,100.0,7,Shipped
370,10143,46,74.84,13,Shipped
371,10143,34,100.0,12,Shipped
372,10143,27,60.97,8,Shipped
373,10143,33,77.59,9,Shipped
374,10143,23,80.51,14,Shipped
375,10143,28,66.19,6,Shipped
376,10143,34,36.66,1,Shipped
377,10143,36,100.0,2,Shipped
378,10143,26,100.0,11,Shipped
379,10143,26,82.77,4,Shipped
380,10143,31,85.29,16,Shipped
381,10143,28,96.0,3,Shipped
382,10143,34,85.87,5,Shipped
383,10143,37,50.65,10,Shipped
384,10144,20,81.86,1,Shipped
385,10145,45,83.26,6,Shipped
386,10145,37,100.0,9,Shipped
387,10145,33,100.0,8,Shipped
388,10145,49,100.0,5,Shipped
389,10145,30,85.32,14,Shipped
390,10145,30,49.67,10,Shipped
391,10145,43,95.8,7,Shipped
392,10145,40,87.54,16,Shipped
393,10145,47,83.03,11,Shipped
394,10145,27,60.95,3,Shipped
395,10145,33,84.77,15,Shipped
396,10145,33,93.9,12,Shipped
397,10145,31,35.8,1,Shipped
398,10145,27,100.0,4,Shipped
399,10145,38,81.36,2,Shipped
400,10145,20,100.0,13,Shipped
401,10146,47,67.14,2,Shipped
402,10146,29,100.0,1,Shipped
403,10147,48,100.0,7,Shipped
404,10147,31,100.0,5,Shipped
405,10147,21,63.84,8,Shipped
406,10147,33,97.89,4,Shipped
407,10147,26,82.39,3,Shipped
408,10147,36,86.04,10,Shipped
409,10147,37,100.0,9,Shipped
410,10147,25,42.67,1,Shipped
411,10147,30,68.58,6,Shipped
412,10147,23,100.0,2,Shipped
413,10147,31,64.67,11,Shipped
414,10148,23,100.0,13,Shipped
415,10148,47,100.0,9,Shipped
416,10148,25,100.0,12,Shipped
417,10148,27,100.0,10,Shipped
418,10148,32,100.0,14,Shipped
419,10148,28,100.0,11,Shipped
420,10148,34,100.0,1,Shipped
421,10148,29,81.25,2,Shipped
422,10148,25,60.26,6,Shipped
423,10148,47,56.85,8,Shipped
424,10148,21,73.6,4,Shipped
425,10148,34,100.0,3,Shipped
426,10148,31,73.62,5,Shipped
427,10148,27,100.0,7,Shipped
428,10149,50,100.0,4,Shipped
429,10149,30,58.22,3,Shipped
430,10149,34,100.0,11,Shipped
431,10149,24,62.36,10,Shipped
432,10149,33,100.0,8,Shipped
433,10149,23,100.0,5,Shipped
434,10149,42,94.25,2,Shipped
435,10149,36,33.19,7,Shipped
436,10149,49,49.28,6,Shipped
437,10149,26,38.98,9,Shipped
438,10149,20,90.57,1,Shipped
439,10150,45,100.0,8,Shipped
440,10150,20,100.0,1,Shipped
441,10150,30,100.0,5,Shipped
442,10150,34,100.0,7,Shipped
443,10150,47,91.18,9,Shipped
444,10150,30,49.97,11,Shipped
445,10150,26,100.0,10,Shipped
446,10150,49,100.0,2,Shipped
447,10150,30,42.76,6,Shipped
448,10150,49,58.18,4,Shipped
449,10150,20,100.0,3,Shipped
450,10151,24,100.0,3,Shipped
451,10151,43,100.0,2,Shipped
452,10151,49,100.0,6,Shipped
453,10151,39,69.28,9,Shipped
454,10151,21,100.0,7,Shipped
455,10151,42,100.0,8,Shipped
456,10151,30,40.31,4,Shipped
457,10151,27,100.0,10,Shipped
458,10151,41,63.85,5,Shipped
459,10151,26,100.0,1,Shipped
460,10152,35,100.0,1,Shipped
461,10152,25,65.31,4,Shipped
462,10152,23,100.0,3,Shipped
463,10152,33,50.95,2,Shipped
464,10153,20,100.0,11,Shipped
465,10153,42,100.0,12,Shipped
466,10153,49,100.0,10,Shipped
467,10153,31,100.0,7,Shipped
468,10153,29,88.74,9,Shipped
469,10153,22,83.38,6,Shipped
470,10153,40,100.0,5,Shipped
471,10153,31,57.41,13,Shipped
472,10153,43,64.67,1,Shipped
473,10153,31,87.48,8,Shipped
474,10153,50,88.15,2,Shipped
475,10153,20,100.0,3,Shipped
476,10153,50,60.06,4,Shipped
477,10154,31,91.17,2,Shipped
478,10154,36,64.33,1,Shipped
479,10155,32,100.0,13,Shipped
480,10155,38,100.0,5,Shipped
481,10155,44,79.14,11,Shipped
482,10155,29,100.0,10,Shipped
483,10155,23,72.62,6,Shipped
484,10155,34,55.89,7,Shipped
485,10155,37,67.93,12,Shipped
486,10155,44,77.11,4,Shipped
487,10155,32,91.43,9,Shipped
488,10155,20,100.0,2,Shipped
489,10155,43,86.4,1,Shipped
490,10155,44,85.87,3,Shipped
491,10155,34,49.16,8,Shipped
492,10156,20,41.02,1,Shipped
493,10156,48,100.0,2,Shipped
494,10158,22,67.03,1,Shipped
495,10159,49,100.0,14,Shipped
496,10159,37,100.0,17,Shipped
497,10159,22,100.0,16,Shipped
498,10159,41,100.0,2,Shipped
499,10159,38,100.0,13,Shipped
500,10159,24,73.42,3,Shipped
501,10159,42,51.48,18,Shipped
502,10159,21,81.21,5,Shipped
503,10159,25,100.0,4,Shipped
504,10159,21,64.66,8,Shipped
505,10159,32,100.0,7,Shipped
506,10159,44,100.0,15,Shipped
507,10159,27,80.34,11,Shipped
508,10159,50,69.8,1,Shipped
509,10159,23,67.1,6,Shipped
510,10159,35,35.4,9,Shipped
511,10159,23,100.0,12,Shipped
512,10159,31,71.6,10,Shipped
513,10160,46,100.0,6,Shipped
514,10160,50,100.0,5,Shipped
515,10160,38,88.55,4,Shipped
516,10160,20,100.0,1,Shipped
517,10160,42,37.0,2,Shipped
518,10160,35,100.0,3,Shipped
519,10161,28,100.0,12,Shipped
520,10161,43,100.0,8,Shipped
521,10161,48,100.0,11,Shipped
522,10161,23,100.0,9,Shipped
523,10161,36,100.0,10,Shipped
524,10161,25,80.54,1,Shipped
525,10161,37,72.76,5,Shipped
526,10161,23,53.33,7,Shipped
527,10161,20,100.0,3,Shipped
528,10161,25,100.0,2,Shipped
529,10161,20,77.05,4,Shipped
530,10161,30,100.0,6,Shipped
531,10162,48,91.44,2,Shipped
532,10162,45,51.21,1,Shipped
533,10162,29,100.0,9,Shipped
534,10162,27,69.62,8,Shipped
535,10162,38,100.0,6,Shipped
536,10162,48,100.0,3,Shipped
537,10162,39,100.0,10,Shipped
538,10162,37,27.22,5,Shipped
539,10162,43,36.29,4,Shipped
540,10162,37,38.98,7,Shipped
541,10163,21,100.0,1,Shipped
542,10163,31,100.0,2,Shipped
543,10163,48,69.96,4,Shipped
544,10163,40,100.0,3,Shipped
545,10163,43,100.0,6,Shipped
546,10163,42,91.55,5,Shipped
547,10164,21,100.0,2,Resolved
548,10164,49,100.0,6,Resolved
549,10164,36,99.17,8,Resolved
550,10164,45,100.0,3,Resolved
551,10164,25,53.83,7,Resolved
552,10164,24,100.0,1,Resolved
553,10164,49,54.94,5,Resolved
554,10164,39,81.93,4,Resolved
555,10165,44,100.0,3,Shipped
556,10165,34,100.0,4,Shipped
557,10165,27,100.0,2,Shipped
558,10165,48,100.0,12,Shipped
559,10165,29,100.0,11,Shipped
560,10165,46,100.0,15,Shipped
561,10165,31,71.1,18,Shipped
562,10165,47,100.0,16,Shipped
563,10165,50,100.0,1,Shipped
564,10165,28,100.0,6,Shipped
565,10165,25,69.36,9,Shipped
566,10165,32,100.0,17,Shipped
567,10165,27,31.82,13,Shipped
568,10165,24,99.36,8,Shipped
569,10165,48,45.99,14,Shipped
570,10165,44,53.44,7,Shipped
571,10165,48,94.92,10,Shipped
572,10165,38,66.78,5,Shipped
573,10166,43,100.0,2,Shipped
574,10166,26,73.73,1,Shipped
575,10166,29,100.0,3,Shipped
576,10167,44,100.0,9,Cancelled
577,10167,43,100.0,1,Cancelled
578,10167,46,73.12,7,Cancelled
579,10167,34,100.0,6,Cancelled
580,10167,33,100.0,16,Cancelled
581,10167,21,69.88,2,Cancelled
582,10167,20,79.66,11,Cancelled
583,10167,32,63.12,3,Cancelled
584,10167,29,83.86,8,Cancelled
585,10167,43,75.34,12,Cancelled
586,10167,29,100.0,5,Cancelled
587,10167,46,70.11,10,Cancelled
588,10167,24,100.0,13,Cancelled
589,10167,28,100.0,14,Cancelled
590,10167,40,41.71,4,Cancelled
591,10167,38,48.59,15,Cancelled
592,10168,36,96.66,1,Shipped
593,10168,27,100.0,4,Shipped
594,10168,20,100.0,3,Shipped
595,10168,21,70.96,9,Shipped
596,10168,46,61.18,5,Shipped
597,10168,50,100.0,2,Shipped
598,10168,49,100.0,11,Shipped
599,10168,29,75.41,6,Shipped
600,10168,27,73.02,18,Shipped
601,10168,48,78.25,10,Shipped
602,10168,28,100.0,7,Shipped
603,10168,31,73.61,12,Shipped
604,10168,48,51.93,13,Shipped
605,10168,28,98.65,14,Shipped
606,10168,31,100.0,16,Shipped
607,10168,36,100.0,8,Shipped
608,10168,48,96.0,15,Shipped
609,10168,39,82.91,17,Shipped
610,10169,30,100.0,2,Shipped
611,10169,35,100.0,13,Shipped
612,10169,36,63.84,3,Shipped
613,10169,32,70.76,5,Shipped
614,10169,36,100.0,4,Shipped
615,10169,38,68.39,8,Shipped
616,10169,33,100.0,7,Shipped
617,10169,38,74.11,11,Shipped
618,10169,34,50.21,1,Shipped
619,10169,24,94.58,6,Shipped
620,10169,26,39.83,9,Shipped
621,10169,34,100.0,12,Shipped
622,10169,48,80.55,10,Shipped
623,10170,47,100.0,4,Shipped
624,10170,41,100.0,3,Shipped
625,10170,20,63.14,2,Shipped
626,10170,34,100.0,1,Shipped
627,10171,35,100.0,2,Shipped
628,10171,35,100.0,1,Shipped
629,10171,39,100.0,3,Shipped
630,10171,36,35.49,4,Shipped
631,10172,42,100.0,6,Shipped
632,10172,39,100.0,7,Shipped
633,10172,48,100.0,8,Shipped
634,10172,32,75.69,3,Shipped
635,10172,34,42.76,5,Shipped
636,10172,22,74.51,1,Shipped
637,10172,24,81.33,2,Shipped
638,10172,22,98.51,4,Shipped
639,10173,43,100.0,6,Shipped
640,10173,48,44.21,5,Shipped
641,10173,24,100.0,13,Shipped
642,10173,26,57.51,12,Shipped
643,10173,31,100.0,10,Shipped
644,10173,22,100.0,7,Shipped
645,10173,28,53.72,2,Shipped
646,10173,31,89.01,1,Shipped
647,10173,29,95.24,4,Shipped
648,10173,21,75.46,14,Shipped
649,10173,39,71.98,15,Shipped
650,10173,31,31.53,9,Shipped
651,10173,27,41.22,8,Shipped
652,10173,23,100.0,16,Shipped
653,10173,35,33.23,11,Shipped
654,10173,22,100.0,3,Shipped
655,10174,34,100.0,4,Shipped
656,10174,43,100.0,1,Shipped
657,10174,48,93.34,3,Shipped
658,10174,46,100.0,5,Shipped
659,10174,49,44.78,2,Shipped
660,10175,33,100.0,9,Shipped
661,10175,26,100.0,1,Shipped
662,10175,48,100.0,4,Shipped
663,10175,41,69.28,7,Shipped
664,10175,29,100.0,5,Shipped
665,10175,47,100.0,10,Shipped
666,10175,28,100.0,6,Shipped
667,10175,37,31.12,2,Shipped
668,10175,22,100.0,8,Shipped
669,10175,50,63.31,3,Shipped
670,10175,29,74.98,12,Shipped
671,10175,42,85.98,11,Shipped
672,10176,33,100.0,2,Shipped
673,10176,47,100.0,3,Shipped
674,10176,50,100.0,1,Shipped
675,10176,20,100.0,10,Shipped
676,10176,36,100.0,5,Shipped
677,10176,27,68.78,8,Shipped
678,10176,29,100.0,7,Shipped
679,10176,22,64.0,6,Shipped
680,10176,23,100.0,9,Shipped
681,10176,38,64.44,4,Shipped
682,10177,23,100.0,9,Shipped
683,10177,29,100.0,11,Shipped
684,10177,35,74.6,8,Shipped
685,10177,50,100.0,7,Shipped
686,10177,45,72.58,2,Shipped
687,10177,24,76.0,3,Shipped
688,10177,31,88.34,10,Shipped
689,10177,32,76.62,1,Shipped
690,10177,44,92.16,4,Shipped
691,10177,24,100.0,5,Shipped
692,10177,40,50.23,6,Shipped
693,10178,24,100.0,12,Shipped
694,10178,42,100.0,4,Shipped
695,10178,41,81.72,10,Shipped
696,10178,48,100.0,9,Shipped
697,10178,34,80.84,5,Shipped
698,10178,27,73.64,6,Shipped
699,10178,21,72.12,11,Shipped
700,10178,30,72.33,3,Shipped
701,10178,34,96.86,8,Shipped
702,10178,22,87.75,1,Shipped
703,10178,45,76.25,2,Shipped
704,10178,45,51.15,7,Shipped
705,10180,29,86.13,9,Shipped
706,10180,42,100.0,12,Shipped
707,10180,41,100.0,11,Shipped
708,10180,40,100.0,8,Shipped
709,10180,25,64.2,13,Shipped
710,10180,21,50.36,3,Shipped
711,10180,44,100.0,2,Shipped
712,10180,48,100.0,10,Shipped
713,10180,28,68.55,14,Shipped
714,10180,35,72.03,6,Shipped
715,10180,28,71.14,1,Shipped
716,10180,34,45.46,4,Shipped
717,10180,22,100.0,7,Shipped
718,10180,21,93.56,5,Shipped
719,10181,27,100.0,14,Shipped
720,10181,28,100.0,12,Shipped
721,10181,20,81.4,15,Shipped
722,10181,36,100.0,11,Shipped
723,10181,44,100.0,6,Shipped
724,10181,42,100.0,2,Shipped
725,10181,22,73.92,10,Shipped
726,10181,21,100.0,5,Shipped
727,10181,27,100.0,3,Shipped
728,10181,45,100.0,7,Shipped
729,10181,30,82.82,17,Shipped
730,10181,22,100.0,16,Shipped
731,10181,39,100.0,4,Shipped
732,10181,34,53.83,1,Shipped
733,10181,37,42.67,8,Shipped
734,10181,23,65.52,13,Shipped
735,10181,25,100.0,9,Shipped
736,10182,25,87.33,3,Shipped
737,10182,32,54.45,2,Shipped
738,10182,44,100.0,10,Shipped
739,10182,38,61.15,9,Shipped
740,10182,20,100.0,7,Shipped
741,10182,21,100.0,4,Shipped
742,10182,33,86.31,1,Shipped
743,10182,36,100.0,11,Shipped
744,10182,44,69.84,12,Shipped
745,10182,47,74.22,16,Shipped
746,10182,39,36.84,6,Shipped
747,10182,31,36.74,5,Shipped
748,10182,36,73.6,14,Shipped
749,10182,20,100.0,13,Shipped
750,10182,33,94.17,15,Shipped
751,10182,49,100.0,17,Shipped
752,10182,23,42.26,8,Shipped
753,10183,23,100.0,8,Shipped
754,10183,28,100.0,1,Shipped
755,10183,41,100.0,5,Shipped
756,10183,21,96.84,7,Shipped
757,10183,37,89.15,9,Shipped
758,10183,39,68.08,11,Shipped
759,10183,22,100.0,10,Shipped
760,10183,21,100.0,2,Shipped
761,10183,40,49.3,6,Shipped
762,10183,47,100.0,12,Shipped
763,10183,49,64.64,4,Shipped
764,10183,23,86.99,3,Shipped
765,10184,37,100.0,6,Shipped
766,10184,46,100.0,5,Shipped
767,10184,46,100.0,9,Shipped
768,10184,44,60.16,12,Shipped
769,10184,28,100.0,10,Shipped
770,10184,31,60.11,3,Shipped
771,10184,24,100.0,11,Shipped
772,10184,42,31.82,7,Shipped
773,10184,49,100.0,2,Shipped
774,10184,46,100.0,13,Shipped
775,10184,33,62.77,8,Shipped
776,10184,48,50.95,1,Shipped
777,10184,45,100.0,4,Shipped
778,10185,21,100.0,13,Shipped
779,10185,33,100.0,14,Shipped
780,10185,43,100.0,12,Shipped
781,10185,28,100.0,9,Shipped
782,10185,49,80.67,11,Shipped
783,10185,39,100.0,16,Shipped
784,10185,47,77.24,8,Shipped
785,10185,30,100.0,7,Shipped
786,10185,33,74.35,2,Shipped
787,10185,20,48.62,15,Shipped
788,10185,21,54.0,3,Shipped
789,10185,30,94.4,10,Shipped
790,10185,39,57.82,1,Shipped
791,10185,37,100.0,4,Shipped
792,10185,22,79.45,5,Shipped
793,10185,28,64.43,6,Shipped
794,10186,26,100.0,9,Shipped
795,10186,32,100.0,1,Shipped
796,10186,32,89.46,7,Shipped
797,10186,46,100.0,6,Shipped
798,10186,22,69.2,2,Shipped
799,10186,21,69.04,3,Shipped
800,10186,36,85.54,8,Shipped
801,10186,24,99.57,5,Shipped
802,10186,28,52.14,4,Shipped
803,10188,48,100.0,1,Shipped
804,10188,38,96.34,4,Shipped
805,10188,45,100.0,3,Shipped
806,10188,32,65.42,5,Shipped
807,10188,25,100.0,2,Shipped
808,10188,40,91.4,6,Shipped
809,10188,44,98.89,7,Shipped
810,10188,29,100.0,8,Shipped
811,10189,28,100.0,1,Shipped
812,10190,42,76.19,3,Shipped
813,10190,46,32.99,1,Shipped
814,10190,42,85.72,4,Shipped
815,10190,40,66.72,2,Shipped
816,10191,21,100.0,3,Shipped
817,10191,40,100.0,1,Shipped
818,10191,30,64.64,4,Shipped
819,10191,36,94.88,6,Shipped
820,10191,23,100.0,5,Shipped
821,10191,43,72.74,9,Shipped
822,10191,32,100.0,8,Shipped
823,10191,48,60.01,2,Shipped
824,10191,44,66.29,7,Shipped
825,10192,27,100.0,16,Shipped
826,10192,22,100.0,11,Shipped
827,10192,29,100.0,7,Shipped
828,10192,45,90.86,15,Shipped
829,10192,47,100.0,10,Shipped
830,10192,38,100.0,8,Shipped
831,10192,26,100.0,12,Shipped
832,10192,45,100.0,9,Shipped
833,10192,37,69.82,4,Shipped
834,10192,47,53.83,6,Shipped
835,10192,46,83.6,2,Shipped
836,10192,23,100.0,1,Shipped
837,10192,30,30.59,13,Shipped
838,10192,32,72.77,3,Shipped
839,10192,46,100.0,5,Shipped
840,10192,45,100.0,14,Shipped
841,10193,28,100.0,7,Shipped
842,10193,46,53.37,6,Shipped
843,10193,21,100.0,14,Shipped
844,10193,42,59.33,13,Shipped
845,10193,44,100.0,11,Shipped
846,10193,22,100.0,8,Shipped
847,10193,28,93.21,1,Shipped
848,10193,24,51.84,3,Shipped
849,10193,23,100.0,2,Shipped
850,10193,32,79.37,5,Shipped
851,10193,24,97.55,15,Shipped
852,10193,25,76.26,16,Shipped
853,10193,26,29.21,10,Shipped
854,10193,20,50.62,9,Shipped
855,10193,22,41.03,12,Shipped
856,10193,20,100.0,4,Shipped
857,10194,42,100.0,11,Shipped
858,10194,26,100.0,4,Shipped
859,10194,38,100.0,8,Shipped
860,10194,21,93.34,10,Shipped
861,10194,45,70.49,2,Shipped
862,10194,32,100.0,5,Shipped
863,10194,41,44.78,9,Shipped
864,10194,49,100.0,1,Shipped
865,10194,37,97.27,3,Shipped
866,10194,39,54.94,7,Shipped
867,10194,26,89.01,6,Shipped
868,10195,49,100.0,6,Shipped
869,10195,27,100.0,5,Shipped
870,10195,35,100.0,9,Shipped
871,10195,50,100.0,10,Shipped
872,10195,44,66.47,3,Shipped
873,10195,32,28.29,7,Shipped
874,10195,34,100.0,2,Shipped
875,10195,32,43.29,8,Shipped
876,10195,33,54.68,1,Shipped
877,10195,49,100.0,4,Shipped
878,10196,47,100.0,5,Shipped
879,10196,24,100.0,6,Shipped
880,10196,38,100.0,4,Shipped
881,10196,49,100.0,1,Shipped
882,10196,35,100.0,3,Shipped
883,10196,27,100.0,8,Shipped
884,10196,46,62.09,7,Shipped
885,10196,50,94.4,2,Shipped
886,10197,45,100.0,6,Shipped
887,10197,46,87.74,4,Shipped
888,10197,22,100.0,3,Shipped
889,10197,50,100.0,14,Shipped
890,10197,41,100.0,13,Shipped
891,10197,47,83.2,8,Shipped
892,10197,22,86.38,5,Shipped
893,10197,23,64.67,9,Shipped
894,10197,24,90.52,2,Shipped
895,10197,50,78.79,7,Shipped
896,10197,27,92.16,10,Shipped
897,10197,35,93.35,11,Shipped
898,10197,29,41.71,1,Shipped
899,10197,42,50.23,12,Shipped
900,10198,42,100.0,4,Shipped
901,10198,48,67.82,5,Shipped
902,10198,27,71.67,6,Shipped
903,10198,43,66.19,3,Shipped
904,10198,42,100.0,1,Shipped
905,10198,40,63.67,2,Shipped
906,10199,29,38.4,1,Shipped
907,10199,48,83.12,2,Shipped
908,10199,38,82.4,3,Shipped
909,10201,22,98.57,2,Shipped
910,10201,24,100.0,5,Shipped
911,10201,49,100.0,4,Shipped
912,10201,25,100.0,1,Shipped
913,10201,30,64.81,6,Shipped
914,10201,39,100.0,3,Shipped
915,10201,25,73.88,7,Shipped
916,10203,20,100.0,8,Shipped
917,10203,20,100.0,6,Shipped
918,10203,44,82.99,9,Shipped
919,10203,47,100.0,5,Shipped
920,10203,45,85.47,4,Shipped
921,10203,48,100.0,1,Shipped
922,10203,33,86.04,11,Shipped
923,10203,32,100.0,10,Shipped
924,10203,21,37.0,2,Shipped
925,10203,34,64.9,7,Shipped
926,10203,47,100.0,3,Shipped
927,10204,42,100.0,17,Shipped
928,10204,40,100.0,13,Shipped
929,10204,33,100.0,4,Shipped
930,10204,38,100.0,16,Shipped
931,10204,23,71.44,3,Shipped
932,10204,26,100.0,1,Shipped
933,10204,27,100.0,14,Shipped
934,10204,35,100.0,15,Shipped
935,10204,29,85.59,5,Shipped
936,10204,45,76.26,6,Shipped
937,10204,20,62.47,10,Shipped
938,10204,45,49.81,12,Shipped
939,10204,47,96.32,8,Shipped
940,10204,42,100.0,7,Shipped
941,10204,40,79.62,9,Shipped
942,10204,48,91.02,11,Shipped
943,10204,39,33.23,2,Shipped
944,10205,36,100.0,2,Shipped
945,10205,48,63.61,1,Shipped
946,10205,40,100.0,3,Shipped
947,10205,32,37.17,5,Shipped
948,10205,24,38.08,4,Shipped
949,10206,47,100.0,6,Shipped
950,10206,28,100.0,3,Shipped
951,10206,34,100.0,5,Shipped
952,10206,37,90.17,7,Shipped
953,10206,28,67.46,9,Shipped
954,10206,30,100.0,8,Shipped
955,10206,28,87.3,11,Shipped
956,10206,21,53.33,4,Shipped
957,10206,33,97.39,10,Shipped
958,10206,36,58.82,2,Shipped
959,10206,33,100.0,1,Shipped
960,10207,31,100.0,15,Shipped
961,10207,34,99.54,7,Shipped
962,10207,44,100.0,6,Shipped
963,10207,43,100.0,10,Shipped
964,10207,37,69.89,13,Shipped
965,10207,25,100.0,11,Shipped
966,10207,40,100.0,1,Shipped
967,10207,47,100.0,16,Shipped
968,10207,49,46.82,4,Shipped
969,10207,46,100.0,12,Shipped
970,10207,42,29.7,8,Shipped
971,10207,28,100.0,3,Shipped
972,10207,49,80.9,14,Shipped
973,10207,27,60.06,9,Shipped
974,10207,45,56.55,2,Shipped
975,10207,28,94.92,5,Shipped
976,10208,46,100.0,13,Shipped
977,10208,26,100.0,14,Shipped
978,10208,20,100.0,12,Shipped
979,10208,24,100.0,9,Shipped
980,10208,48,100.0,11,Shipped
981,10208,45,87.77,8,Shipped
982,10208,35,100.0,7,Shipped
983,10208,20,89.4,2,Shipped
984,10208,30,65.61,15,Shipped
985,10208,38,74.67,3,Shipped
986,10208,40,80.55,10,Shipped
987,10208,46,74.45,1,Shipped
988,10208,37,100.0,4,Shipped
989,10208,33,85.41,5,Shipped
990,10208,42,63.88,6,Shipped
991,10209,39,100.0,8,Shipped
992,10209,28,100.0,6,Shipped
993,10209,20,100.0,5,Shipped
994,10209,43,82.21,1,Shipped
995,10209,36,77.59,2,Shipped
996,10209,22,89.73,7,Shipped
997,10209,33,88.71,4,Shipped
998,10209,48,44.69,3,Shipped
999,10210,23,100.0,2,Shipped
1000,10210,34,100.0,1,Shipped
1001,10210,31,100.0,17,Shipped
1002,10210,50,76.88,7,Shipped
1003,10210,40,49.67,3,Shipped
1004,10210,27,98.48,9,Shipped
1005,10210,30,61.7,4,Shipped
1006,10210,29,69.6,16,Shipped
1007,10210,40,71.0,8,Shipped
1008,10210,46,79.91,5,Shipped
1009,10210,39,59.16,10,Shipped
1010,10210,43,41.02,11,Shipped
1011,10210,21,78.55,12,Shipped
1012,10210,26,99.72,14,Shipped
1013,10210,25,100.0,6,Shipped
1014,10210,31,86.4,13,Shipped
1015,10210,42,70.33,15,Shipped
1016,10211,41,100.0,14,Shipped
1017,10211,41,100.0,2,Shipped
1018,10211,36,100.0,13,Shipped
1019,10211,28,92.57,3,Shipped
1020,10211,35,78.0,5,Shipped
1021,10211,28,100.0,4,Shipped
1022,10211,46,54.09,8,Shipped
1023,10211,41,100.0,7,Shipped
1024,10211,25,90.16,15,Shipped
1025,10211,21,63.72,11,Shipped
1026,10211,48,48.98,1,Shipped
1027,10211,22,92.16,6,Shipped
1028,10211,41,42.24,9,Shipped
1029,10211,37,100.0,12,Shipped
1030,10211,40,80.55,10,Shipped
1031,10212,39,100.0,16,Shipped
1032,10212,33,100.0,15,Shipped
1033,10212,29,100.0,10,Shipped
1034,10212,38,100.0,6,Shipped
1035,10212,20,66.99,14,Shipped
1036,10212,41,100.0,9,Shipped
1037,10212,40,100.0,7,Shipped
1038,10212,40,100.0,11,Shipped
1039,10212,45,100.0,8,Shipped
1040,10212,41,82.31,3,Shipped
1041,10212,45,53.33,5,Shipped
1042,10212,45,88.14,1,Shipped
1043,10212,34,43.42,12,Shipped
1044,10212,27,79.62,2,Shipped
1045,10212,46,87.81,4,Shipped
1046,10212,49,100.0,13,Shipped
1047,10213,38,94.79,1,Shipped
1048,10213,25,83.39,2,Shipped
1049,10213,27,100.0,3,Shipped
1050,10214,30,100.0,7,Shipped
1051,10214,21,62.96,6,Shipped
1052,10214,27,100.0,4,Shipped
1053,10214,50,100.0,1,Shipped
1054,10214,20,34.19,3,Shipped
1055,10214,49,47.94,2,Shipped
1056,10214,44,34.88,5,Shipped
1057,10215,35,100.0,3,Shipped
1058,10215,46,100.0,2,Shipped
1059,10215,27,89.38,10,Shipped
1060,10215,33,43.13,9,Shipped
1061,10215,49,100.0,4,Shipped
1062,10215,31,58.71,6,Shipped
1063,10215,49,100.0,5,Shipped
1064,10215,41,100.0,8,Shipped
1065,10215,46,45.28,1,Shipped
1066,10215,39,90.57,7,Shipped
1067,10216,43,100.0,1,Shipped
1068,10217,48,100.0,4,Shipped
1069,10217,35,61.38,2,Shipped
1070,10217,38,100.0,5,Shipped
1071,10217,28,100.0,1,Shipped
1072,10217,21,100.0,3,Shipped
1073,10217,39,62.05,7,Shipped
1074,10217,31,88.0,6,Shipped
1075,10219,48,100.0,2,Shipped
1076,10219,43,100.0,1,Shipped
1077,10219,21,40.31,3,Shipped
1078,10219,35,55.19,4,Shipped
1079,10220,32,100.0,2,Shipped
1080,10220,30,100.0,3,Shipped
1081,10220,27,100.0,1,Shipped
1082,10220,50,100.0,5,Shipped
1083,10220,26,56.07,8,Shipped
1084,10220,37,100.0,7,Shipped
1085,10220,20,52.82,6,Shipped
1086,10220,37,100.0,9,Shipped
1087,10220,30,68.54,4,Shipped
1088,10221,33,100.0,3,Shipped
1089,10221,23,80.67,5,Shipped
1090,10221,39,89.53,2,Shipped
1091,10221,49,100.0,1,Shipped
1092,10221,23,97.0,4,Shipped
1093,10222,49,100.0,12,Shipped
1094,10222,49,100.0,4,Shipped
1095,10222,49,94.62,10,Shipped
1096,10222,45,85.75,9,Shipped
1097,10222,32,81.53,5,Shipped
1098,10222,47,70.81,14,Shipped
1099,10222,43,70.35,6,Shipped
1100,10222,46,80.51,11,Shipped
1101,10222,48,56.64,3,Shipped
1102,10222,31,62.67,15,Shipped
1103,10222,26,100.0,8,Shipped
1104,10222,37,87.75,1,Shipped
1105,10222,36,80.95,13,Shipped
1106,10222,38,100.0,16,Shipped
1107,10222,31,95.34,17,Shipped
1108,10222,43,74.03,2,Shipped
1109,10222,31,45.69,7,Shipped
1110,10222,36,63.34,18,Shipped
1111,10223,37,100.0,1,Shipped
1112,10223,47,100.0,4,Shipped
1113,10223,49,100.0,3,Shipped
1114,10223,47,100.0,9,Shipped
1115,10223,28,60.57,5,Shipped
1116,10223,32,91.29,2,Shipped
1117,10223,34,100.0,11,Shipped
1118,10223,38,69.31,6,Shipped
1119,10223,23,74.62,10,Shipped
1120,10223,21,100.0,7,Shipped
1121,10223,20,66.04,12,Shipped
1122,10223,41,46.26,13,Shipped
1123,10223,25,100.0,14,Shipped
1124,10223,29,100.0,8,Shipped
1125,10223,26,67.2,15,Shipped
1126,10224,43,100.0,6,Shipped
1127,10224,38,58.44,1,Shipped
1128,10224,37,80.34,4,Shipped
1129,10224,43,39.43,2,Shipped
1130,10224,30,100.0,5,Shipped
1131,10224,50,77.29,3,Shipped
1132,10225,27,100.0,9,Shipped
1133,10225,25,99.82,7,Shipped
1134,10225,37,77.41,10,Shipped
1135,10225,21,100.0,6,Shipped
1136,10225,32,100.0,1,Shipped
1137,10225,47,64.68,5,Shipped
1138,10225,43,100.0,2,Shipped
1139,10225,37,95.69,12,Shipped
1140,10225,27,100.0,11,Shipped
1141,10225,35,100.0,14,Shipped
1142,10225,42,36.63,3,Shipped
1143,10225,24,50.21,8,Shipped
1144,10225,40,100.0,4,Shipped
1145,10225,46,70.33,13,Shipped
1146,10226,38,100.0,4,Shipped
1147,10226,24,100.0,7,Shipped
1148,10226,24,100.0,5,Shipped
1149,10226,46,100.0,6,Shipped
1150,10226,21,60.26,1,Shipped
1151,10226,36,43.27,3,Shipped
1152,10226,48,92.09,2,Shipped
1153,10227,25,100.0,3,Shipped
1154,10227,31,48.52,2,Shipped
1155,10227,26,100.0,10,Shipped
1156,10227,28,50.85,9,Shipped
1157,10227,46,100.0,7,Shipped
1158,10227,29,100.0,4,Shipped
1159,10227,33,100.0,1,Shipped
1160,10227,34,100.0,11,Shipped
1161,10227,37,57.73,12,Shipped
1162,10227,42,29.21,6,Shipped
1163,10227,24,48.38,5,Shipped
1164,10227,47,88.14,14,Shipped
1165,10227,33,100.0,13,Shipped
1166,10227,40,79.62,15,Shipped
1167,10227,27,43.9,8,Shipped
1168,10228,29,100.0,2,Shipped
1169,10228,32,100.0,1,Shipped
1170,10228,24,100.0,3,Shipped
1171,10228,45,63.71,5,Shipped
1172,10228,31,100.0,4,Shipped
1173,10228,33,100.0,6,Shipped
1174,10229,50,100.0,9,Shipped
1175,10229,25,100.0,13,Shipped
1176,10229,36,100.0,1,Shipped
1177,10229,26,100.0,4,Shipped
1178,10229,28,59.55,7,Shipped
1179,10229,22,100.0,5,Shipped
1180,10229,41,100.0,10,Shipped
1181,10229,39,40.25,14,Shipped
1182,10229,48,100.0,6,Shipped
1183,10229,33,32.88,2,Shipped
1184,10229,25,100.0,8,Shipped
1185,10229,23,54.11,3,Shipped
1186,10229,30,73.04,12,Shipped
1187,10229,50,100.0,11,Shipped
1188,10230,43,100.0,1,Shipped
1189,10230,49,100.0,8,Shipped
1190,10230,42,100.0,3,Shipped
1191,10230,36,54.33,6,Shipped
1192,10230,45,100.0,5,Shipped
1193,10230,46,60.9,4,Shipped
1194,10230,34,100.0,7,Shipped
1195,10230,43,52.14,2,Shipped
1196,10231,42,100.0,2,Shipped
1197,10231,49,100.0,1,Shipped
1198,10232,22,100.0,6,Shipped
1199,10232,48,95.8,8,Shipped
1200,10232,23,89.53,5,Shipped
1201,10232,46,100.0,4,Shipped
1202,10232,26,88.34,7,Shipped
1203,10232,48,96.16,1,Shipped
1204,10232,35,82.43,2,Shipped
1205,10232,24,49.69,3,Shipped
1206,10233,40,94.71,2,Shipped
1207,10233,36,70.67,3,Shipped
1208,10233,29,82.4,1,Shipped
1209,10235,24,76.03,3,Shipped
1210,10235,23,96.29,5,Shipped
1211,10235,33,60.05,12,Shipped
1212,10235,40,81.14,4,Shipped
1213,10235,41,100.0,1,Shipped
1214,10235,34,77.73,6,Shipped
1215,10235,41,35.35,7,Shipped
1216,10235,25,100.0,8,Shipped
1217,10235,38,88.75,10,Shipped
1218,10235,25,96.11,2,Shipped
1219,10235,32,92.0,9,Shipped
1220,10235,34,72.55,11,Shipped
1221,10236,22,100.0,1,Shipped
1222,10236,23,55.72,2,Shipped
1223,10236,36,87.6,3,Shipped
1224,10237,23,100.0,7,Shipped
1225,10237,39,100.0,9,Shipped
1226,10237,32,100.0,6,Shipped
1227,10237,26,52.22,1,Shipped
1228,10237,20,100.0,8,Shipped
1229,10237,26,79.65,4,Shipped
1230,10237,26,40.23,2,Shipped
1231,10237,27,100.0,5,Shipped
1232,10237,20,68.34,3,Shipped
1233,10238,28,100.0,3,Shipped
1234,10238,29,100.0,1,Shipped
1235,10238,20,74.21,4,Shipped
1236,10238,41,73.17,6,Shipped
1237,10238,49,100.0,5,Shipped
1238,10238,44,100.0,8,Shipped
1239,10238,47,62.45,2,Shipped
1240,10238,22,93.77,7,Shipped
1241,10239,21,93.28,5,Shipped
1242,10239,46,73.92,4,Shipped
1243,10239,47,100.0,1,Shipped
1244,10239,20,44.56,2,Shipped
1245,10239,29,100.0,3,Shipped
1246,10240,41,100.0,3,Shipped
1247,10240,37,100.0,2,Shipped
1248,10240,37,100.0,1,Shipped
1249,10241,21,100.0,11,Shipped
1250,10241,41,100.0,2,Shipped
1251,10241,33,72.65,1,Shipped
1252,10241,44,100.0,12,Shipped
1253,10241,42,90.19,3,Shipped
1254,10241,30,66.99,4,Shipped
1255,10241,22,76.43,8,Shipped
1256,10241,21,40.25,10,Shipped
1257,10241,47,94.5,6,Shipped
1258,10241,28,98.65,5,Shipped
1259,10241,26,81.33,7,Shipped
1260,10241,27,86.73,9,Shipped
1261,10242,46,36.93,1,Shipped
1262,10243,47,100.0,2,Shipped
1263,10243,33,29.54,1,Shipped
1264,10244,40,100.0,7,Shipped
1265,10244,20,58.22,6,Shipped
1266,10244,43,100.0,8,Shipped
1267,10244,30,100.0,1,Shipped
1268,10244,24,58.09,3,Shipped
1269,10244,29,100.0,2,Shipped
1270,10244,36,84.33,5,Shipped
1271,10244,39,45.25,9,Shipped
1272,10244,40,86.68,4,Shipped
1273,10245,34,100.0,9,Shipped
1274,10245,28,100.0,2,Shipped
1275,10245,38,100.0,6,Shipped
1276,10245,29,100.0,8,Shipped
1277,10245,21,100.0,3,Shipped
1278,10245,45,59.87,7,Shipped
1279,10245,37,100.0,1,Shipped
1280,10245,44,69.16,5,Shipped
1281,10245,44,100.0,4,Shipped
1282,10246,46,100.0,5,Shipped
1283,10246,40,100.0,4,Shipped
1284,10246,22,98.18,8,Shipped
1285,10246,30,61.99,11,Shipped
1286,10246,36,100.0,9,Shipped
1287,10246,44,52.6,2,Shipped
1288,10246,29,100.0,10,Shipped
1289,10246,49,36.07,6,Shipped
1290,10246,46,100.0,1,Shipped
1291,10246,35,48.7,7,Shipped
1292,10246,22,100.0,3,Shipped
1293,10247,44,100.0,2,Shipped
1294,10247,25,100.0,3,Shipped
1295,10247,27,100.0,1,Shipped
1296,10247,48,100.0,5,Shipped
1297,10247,40,49.71,6,Shipped
1298,10247,49,63.85,4,Shipped
1299,10248,20,100.0,3,Cancelled
1300,10248,21,73.98,1,Cancelled
1301,10248,32,100.0,12,Cancelled
1302,10248,42,100.0,14,Cancelled
1303,10248,42,75.48,11,Cancelled
1304,10248,48,100.0,10,Cancelled
1305,10248,30,100.0,5,Cancelled
1306,10248,23,76.31,2,Cancelled
1307,10248,36,71.34,6,Cancelled
1308,10248,40,100.0,13,Cancelled
1309,10248,32,75.89,4,Cancelled
1310,10248,30,100.0,7,Cancelled
1311,10248,35,90.37,8,Cancelled
1312,10248,23,65.52,9,Cancelled
1313,10249,46,100.0,5,Shipped
1314,10249,20,67.82,1,Shipped
1315,10249,25,69.7,2,Shipped
1316,10249,40,95.95,4,Shipped
1317,10249,32,57.61,3,Shipped
1318,10250,45,100.0,14,Shipped
1319,10250,27,98.84,4,Shipped
1320,10250,31,88.63,6,Shipped
1321,10250,32,87.6,1,Shipped
1322,10250,40,75.06,13,Shipped
1323,10250,37,74.62,5,Shipped
1324,10250,31,100.0,2,Shipped
1325,10250,50,61.22,7,Shipped
1326,10250,36,51.93,8,Shipped
1327,10250,31,91.34,9,Shipped
1328,10250,35,100.0,11,Shipped
1329,10250,44,100.0,3,Shipped
1330,10250,44,67.2,10,Shipped
1331,10250,38,62.19,12,Shipped
1332,10251,28,100.0,2,Shipped
1333,10251,44,100.0,5,Shipped
1334,10251,43,100.0,4,Shipped
1335,10251,46,100.0,1,Shipped
1336,10251,29,61.18,6,Shipped
1337,10251,26,100.0,3,Shipped
1338,10252,20,76.39,2,Shipped
1339,10252,41,100.0,1,Shipped
1340,10252,31,52.84,5,Shipped
1341,10252,26,100.0,4,Shipped
1342,10252,47,65.8,8,Shipped
1343,10252,38,87.31,3,Shipped
1344,10252,36,48.28,6,Shipped
1345,10252,25,100.0,9,Shipped
1346,10252,48,72.41,7,Shipped
1347,10253,24,100.0,13,Cancelled
1348,10253,22,100.0,11,Cancelled
1349,10253,25,90.17,14,Cancelled
1350,10253,41,100.0,10,Cancelled
1351,10253,26,100.0,5,Cancelled
1352,10253,24,100.0,1,Cancelled
1353,10253,23,83.93,9,Cancelled
1354,10253,33,100.0,4,Cancelled
1355,10253,37,100.0,2,Cancelled
1356,10253,40,100.0,6,Cancelled
1357,10253,31,100.0,3,Cancelled
1358,10253,40,42.67,7,Cancelled
1359,10253,24,52.66,12,Cancelled
1360,10253,39,100.0,8,Cancelled
1361,10255,24,100.0,1,Shipped
1362,10255,37,45.7,2,Shipped
1363,10256,34,95.55,2,Shipped
1364,10256,29,51.75,1,Shipped
1365,10257,50,88.14,1,Shipped
1366,10257,49,53.72,3,Shipped
1367,10257,37,84.82,2,Shipped
1368,10257,26,89.29,5,Shipped
1369,10257,46,78.89,4,Shipped
1370,10258,32,100.0,6,Shipped
1371,10258,41,100.0,3,Shipped
1372,10258,41,100.0,5,Shipped
1373,10258,21,59.87,4,Shipped
1374,10258,20,61.41,2,Shipped
1375,10258,45,80.92,1,Shipped
1376,10259,26,100.0,12,Shipped
1377,10259,46,100.0,4,Shipped
1378,10259,30,100.0,3,Shipped
1379,10259,34,99.41,7,Shipped
1380,10259,30,49.22,10,Shipped
1381,10259,27,100.0,8,Shipped
1382,10259,41,100.0,13,Shipped
1383,10259,28,46.82,1,Shipped
1384,10259,47,100.0,9,Shipped
1385,10259,31,33.24,5,Shipped
1386,10259,45,86.68,11,Shipped
1387,10259,40,43.83,6,Shipped
1388,10259,29,100.0,2,Shipped
1389,10261,27,100.0,1,Shipped
1390,10261,20,89.53,9,Shipped
1391,10261,36,100.0,8,Shipped
1392,10261,22,91.17,3,Shipped
1393,10261,34,62.0,4,Shipped
1394,10261,44,68.67,2,Shipped
1395,10261,25,88.15,5,Shipped
1396,10261,50,81.43,6,Shipped
1397,10261,29,50.78,7,Shipped
1398,10262,49,100.0,9,Cancelled
1399,10262,32,84.3,15,Cancelled
1400,10262,34,100.0,14,Cancelled
1401,10262,34,97.38,1,Cancelled
1402,10262,24,67.14,10,Cancelled
1403,10262,46,70.35,11,Cancelled
1404,10262,49,87.21,16,Cancelled
1405,10262,48,61.42,8,Cancelled
1406,10262,40,79.11,2,Cancelled
1407,10262,49,37.97,3,Cancelled
1408,10262,40,84.03,4,Cancelled
1409,10262,44,94.14,13,Cancelled
1410,10262,33,90.75,6,Cancelled
1411,10262,27,76.0,5,Cancelled
1412,10262,35,71.07,7,Cancelled
1413,10262,21,57.11,12,Cancelled
1414,10263,34,100.0,2,Shipped
1415,10263,40,100.0,5,Shipped
1416,10263,41,100.0,4,Shipped
1417,10263,48,100.0,1,Shipped
1418,10263,33,86.17,10,Shipped
1419,10263,34,58.75,6,Shipped
1420,10263,42,100.0,3,Shipped
1421,10263,37,62.46,7,Shipped
1422,10263,24,75.35,11,Shipped
1423,10263,31,79.91,8,Shipped
1424,10263,47,100.0,9,Shipped
1425,10264,48,54.71,3,Shipped
1426,10264,20,100.0,2,Shipped
1427,10264,37,65.1,6,Shipped
1428,10264,47,83.27,1,Shipped
1429,10264,20,32.59,4,Shipped
1430,10264,34,97.97,7,Shipped
1431,10264,47,89.5,5,Shipped
1432,10265,45,86.84,2,Shipped
1433,10265,49,100.0,1,Shipped
1434,10266,44,100.0,14,Shipped
1435,10266,22,100.0,12,Shipped
1436,10266,35,76.61,15,Shipped
1437,10266,40,100.0,11,Shipped
1438,10266,21,100.0,6,Shipped
1439,10266,36,100.0,2,Shipped
1440,10266,33,74.69,10,Shipped
1441,10266,49,100.0,5,Shipped
1442,10266,20,100.0,3,Shipped
1443,10266,29,100.0,7,Shipped
1444,10266,33,100.0,4,Shipped
1445,10266,28,48.3,1,Shipped
1446,10266,34,40.4,8,Shipped
1447,10266,47,62.45,13,Shipped
1448,10266,24,100.0,9,Shipped
1449,10267,36,75.55,1,Shipped
1450,10267,40,80.1,5,Shipped
1451,10267,38,87.24,3,Shipped
1452,10267,43,100.0,2,Shipped
1453,10267,44,96.74,4,Shipped
1454,10267,43,100.0,6,Shipped
1455,10269,32,63.08,1,Shipped
1456,10269,48,97.39,2,Shipped
1457,10270,21,100.0,9,Shipped
1458,10270,32,100.0,2,Shipped
1459,10270,28,100.0,6,Shipped
1460,10270,43,96.84,8,Shipped
1461,10270,31,96.24,10,Shipped
1462,10270,38,100.0,11,Shipped
1463,10270,38,100.0,3,Shipped
1464,10270,44,58.36,7,Shipped
1465,10270,32,85.72,1,Shipped
1466,10270,21,63.35,5,Shipped
1467,10270,46,88.0,4,Shipped
1468,10271,31,97.17,5,Shipped
1469,10271,50,100.0,4,Shipped
1470,10271,50,100.0,8,Shipped
1471,10271,25,69.28,11,Shipped
1472,10271,20,100.0,9,Shipped
1473,10271,45,64.74,2,Shipped
1474,10271,43,100.0,10,Shipped
1475,10271,38,41.72,6,Shipped
1476,10271,22,100.0,1,Shipped
1477,10271,35,47.62,7,Shipped
1478,10271,34,98.39,3,Shipped
1479,10272,35,100.0,2,Shipped
1480,10272,27,100.0,3,Shipped
1481,10272,39,100.0,1,Shipped
1482,10272,25,100.0,5,Shipped
1483,10272,45,64.63,6,Shipped
1484,10272,43,56.82,4,Shipped
1485,10273,30,100.0,4,Shipped
1486,10273,34,98.06,2,Shipped
1487,10273,40,100.0,13,Shipped
1488,10273,47,100.0,15,Shipped
1489,10273,50,85.75,1,Shipped
1490,10273,33,71.09,12,Shipped
1491,10273,22,100.0,11,Shipped
1492,10273,27,100.0,6,Shipped
1493,10273,48,83.02,3,Shipped
1494,10273,21,65.34,7,Shipped
1495,10273,21,100.0,14,Shipped
1496,10273,42,62.16,5,Shipped
1497,10273,40,86.15,8,Shipped
1498,10273,26,100.0,9,Shipped
1499,10273,37,45.86,10,Shipped
1500,10274,41,100.0,1,Shipped
1501,10274,40,65.08,2,Shipped
1502,10274,24,72.33,3,Shipped
1503,10274,24,90.52,5,Shipped
1504,10274,32,58.6,4,Shipped
1505,10275,45,92.83,1,Shipped
1506,10275,22,100.0,4,Shipped
1507,10275,36,100.0,3,Shipped
1508,10275,35,90.39,9,Shipped
1509,10275,37,63.6,5,Shipped
1510,10275,21,100.0,2,Shipped
1511,10275,25,95.2,11,Shipped
1512,10275,30,79.98,6,Shipped
1513,10275,41,81.89,18,Shipped
1514,10275,27,62.31,10,Shipped
1515,10275,23,81.91,7,Shipped
1516,10275,28,63.97,12,Shipped
1517,10275,38,45.39,13,Shipped
1518,10275,32,89.51,14,Shipped
1519,10275,39,100.0,16,Shipped
1520,10275,48,100.0,8,Shipped
1521,10275,43,73.6,15,Shipped
1522,10275,31,72.55,17,Shipped
1523,10276,50,100.0,3,Shipped
1524,10276,43,100.0,14,Shipped
1525,10276,47,100.0,1,Shipped
1526,10276,38,83.79,4,Shipped
1527,10276,38,69.96,6,Shipped
1528,10276,30,100.0,5,Shipped
1529,10276,33,50.36,9,Shipped
1530,10276,48,100.0,8,Shipped
1531,10276,46,75.49,12,Shipped
1532,10276,20,61.23,2,Shipped
1533,10276,48,75.18,7,Shipped
1534,10276,27,36.61,10,Shipped
1535,10276,38,100.0,13,Shipped
1536,10276,21,70.78,11,Shipped
1537,10277,28,100.0,1,Shipped
1538,10278,34,100.0,6,Shipped
1539,10278,23,100.0,2,Shipped
1540,10278,29,90.86,10,Shipped
1541,10278,29,100.0,5,Shipped
1542,10278,39,100.0,3,Shipped
1543,10278,42,100.0,7,Shipped
1544,10278,31,100.0,4,Shipped
1545,10278,35,45.28,1,Shipped
1546,10278,31,38.89,8,Shipped
1547,10278,25,100.0,9,Shipped
1548,10279,26,60.58,1,Shipped
1549,10279,32,74.96,5,Shipped
1550,10279,49,79.97,3,Shipped
1551,10279,48,100.0,2,Shipped
1552,10279,33,71.06,4,Shipped
1553,10279,48,100.0,6,Shipped
1554,10280,34,100.0,2,Shipped
1555,10280,24,100.0,1,Shipped
1556,10280,50,100.0,9,Shipped
1557,10280,27,57.68,8,Shipped
1558,10280,26,100.0,16,Shipped
1559,10280,25,62.96,15,Shipped
1560,10280,37,100.0,13,Shipped
1561,10280,22,100.0,10,Shipped
1562,10280,46,100.0,3,Shipped
1563,10280,43,68.71,5,Shipped
1564,10280,29,100.0,4,Shipped
1565,10280,34,100.0,7,Shipped
1566,10280,35,100.0,17,Shipped
1567,10280,20,28.88,12,Shipped
1568,10280,45,47.49,11,Shipped
1569,10280,33,41.85,14,Shipped
1570,10280,21,78.89,6,Shipped
1571,10281,44,100.0,9,Shipped
1572,10281,25,100.0,13,Shipped
1573,10281,41,100.0,1,Shipped
1574,10281,48,100.0,4,Shipped
1575,10281,29,57.73,7,Shipped
1576,10281,25,100.0,5,Shipped
1577,10281,25,99.29,10,Shipped
1578,10281,44,59.87,14,Shipped
1579,10281,25,100.0,6,Shipped
1580,10281,20,40.66,2,Shipped
1581,10281,29,82.83,8,Shipped
1582,10281,31,55.19,3,Shipped
1583,10281,36,77.57,12,Shipped
1584,10281,27,85.98,11,Shipped
1585,10282,41,100.0,5,Shipped
1586,10282,27,100.0,6,Shipped
1587,10282,24,100.0,4,Shipped
1588,10282,23,100.0,13,Shipped
1589,10282,43,100.0,1,Shipped
1590,10282,36,100.0,3,Shipped
1591,10282,31,100.0,8,Shipped
1592,10282,29,46.82,11,Shipped
1593,10282,39,100.0,10,Shipped
1594,10282,36,59.65,9,Shipped
1595,10282,38,100.0,12,Shipped
1596,10282,37,66.78,7,Shipped
1597,10282,43,86.61,2,Shipped
1598,10283,25,100.0,6,Shipped
1599,10283,21,98.06,4,Shipped
1600,10283,46,100.0,3,Shipped
1601,10283,34,100.0,14,Shipped
1602,10283,42,100.0,13,Shipped
1603,10283,34,92.94,8,Shipped
1604,10283,33,72.96,5,Shipped
1605,10283,45,78.67,9,Shipped
1606,10283,20,94.14,2,Shipped
1607,10283,47,65.77,7,Shipped
1608,10283,22,88.15,10,Shipped
1609,10283,38,89.38,11,Shipped
1610,10283,43,57.61,1,Shipped
1611,10283,33,51.32,12,Shipped
1612,10284,45,100.0,11,Shipped
1613,10284,31,71.81,1,Shipped
1614,10284,22,100.0,3,Shipped
1615,10284,30,73.99,12,Shipped
1616,10284,39,71.67,13,Shipped
1617,10284,21,55.96,10,Shipped
1618,10284,21,71.0,2,Shipped
1619,10284,50,81.86,4,Shipped
1620,10284,33,51.93,5,Shipped
1621,10284,24,83.12,6,Shipped
1622,10284,45,100.0,8,Shipped
1623,10284,25,69.6,7,Shipped
1624,10284,32,64.41,9,Shipped
1625,10285,36,100.0,6,Shipped
1626,10285,47,100.0,9,Shipped
1627,10285,27,100.0,8,Shipped
1628,10285,49,100.0,5,Shipped
1629,10285,20,49.06,10,Shipped
1630,10285,34,100.0,7,Shipped
1631,10285,39,70.08,11,Shipped
1632,10285,38,59.56,3,Shipped
1633,10285,37,98.89,12,Shipped
1634,10285,37,41.03,1,Shipped
1635,10285,26,100.0,4,Shipped
1636,10285,39,78.92,2,Shipped
1637,10285,45,100.0,13,Shipped
1638,10286,38,57.2,1,Shipped
1639,10287,21,100.0,12,Shipped
1640,10287,45,100.0,10,Shipped
1641,10287,41,69.43,13,Shipped
1642,10287,23,100.0,9,Shipped
1643,10287,41,100.0,4,Shipped
1644,10287,44,82.39,8,Shipped
1645,10287,24,100.0,3,Shipped
1646,10287,44,100.0,1,Shipped
1647,10287,36,100.0,5,Shipped
1648,10287,43,70.76,15,Shipped
1649,10287,40,100.0,14,Shipped
1650,10287,27,100.0,2,Shipped
1651,10287,34,100.0,17,Shipped
1652,10287,36,39.65,6,Shipped
1653,10287,20,67.97,11,Shipped
1654,10287,36,100.0,7,Shipped
1655,10287,40,88.12,16,Shipped
1656,10288,20,100.0,14,Shipped
1657,10288,32,100.0,5,Shipped
1658,10288,28,61.75,4,Shipped
1659,10288,31,100.0,2,Shipped
1660,10288,35,80.99,6,Shipped
1661,10288,23,73.41,7,Shipped
1662,10288,36,66.14,11,Shipped
1663,10288,50,52.32,13,Shipped
1664,10288,29,38.17,1,Shipped
1665,10288,35,80.87,9,Shipped
1666,10288,48,100.0,8,Shipped
1667,10288,34,68.49,10,Shipped
1668,10288,41,100.0,12,Shipped
1669,10288,33,40.62,3,Shipped
1670,10289,38,100.0,2,Shipped
1671,10289,24,56.07,1,Shipped
1672,10289,43,100.0,3,Shipped
1673,10289,45,48.38,4,Shipped
1674,10290,26,96.23,2,Shipped
1675,10290,45,100.0,1,Shipped
1676,10291,37,100.0,11,Shipped
1677,10291,30,100.0,4,Shipped
1678,10291,41,100.0,8,Shipped
1679,10291,41,100.0,10,Shipped
1680,10291,26,57.73,2,Shipped
1681,10291,47,100.0,12,Shipped
1682,10291,37,50.59,14,Shipped
1683,10291,23,100.0,13,Shipped
1684,10291,48,100.0,5,Shipped
1685,10291,29,51.82,9,Shipped
1686,10291,48,100.0,1,Shipped
1687,10291,26,83.79,3,Shipped
1688,10291,32,71.75,7,Shipped
1689,10291,28,100.0,6,Shipped
1690,10292,21,100.0,8,Shipped
1691,10292,26,100.0,7,Shipped
1692,10292,41,100.0,11,Shipped
1693,10292,21,100.0,12,Shipped
1694,10292,44,100.0,2,Shipped
1695,10292,40,53.75,5,Shipped
1696,10292,39,30.06,9,Shipped
1697,10292,27,100.0,4,Shipped
1698,10292,50,46.53,10,Shipped
1699,10292,31,67.73,3,Shipped
1700,10292,41,100.0,6,Shipped
1701,10292,35,55.07,1,Shipped
1702,10293,46,100.0,8,Shipped
1703,10293,24,100.0,9,Shipped
1704,10293,45,100.0,7,Shipped
1705,10293,24,100.0,4,Shipped
1706,10293,22,100.0,6,Shipped
1707,10293,49,100.0,3,Shipped
1708,10293,21,100.0,2,Shipped
1709,10293,29,71.89,5,Shipped
1710,10293,32,60.06,1,Shipped
1711,10294,45,100.0,1,Shipped
1712,10295,24,100.0,1,Shipped
1713,10295,46,84.97,3,Shipped
1714,10295,26,75.34,4,Shipped
1715,10295,44,58.55,2,Shipped
1716,10295,34,100.0,5,Shipped
1717,10296,36,100.0,7,Shipped
1718,10296,21,96.34,13,Shipped
1719,10296,22,84.7,12,Shipped
1720,10296,21,71.25,8,Shipped
1721,10296,31,53.92,9,Shipped
1722,10296,22,77.15,14,Shipped
1723,10296,32,71.65,6,Shipped
1724,10296,26,48.44,1,Shipped
1725,10296,42,100.0,2,Shipped
1726,10296,34,100.0,11,Shipped
1727,10296,24,100.0,4,Shipped
1728,10296,22,80.8,3,Shipped
1729,10296,47,86.62,5,Shipped
1730,10296,21,45.19,10,Shipped
1731,10297,25,82.79,4,Shipped
1732,10297,32,100.0,6,Shipped
1733,10297,32,65.51,1,Shipped
1734,10297,23,72.45,5,Shipped
1735,10297,26,100.0,2,Shipped
1736,10297,28,79.8,7,Shipped
1737,10297,35,100.0,3,Shipped
1738,10298,39,96.34,1,Shipped
1739,10298,32,48.46,2,Shipped
1740,10299,23,100.0,9,Shipped
1741,10299,29,100.0,11,Shipped
1742,10299,24,100.0,8,Shipped
1743,10299,39,55.95,3,Shipped
1744,10299,49,100.0,2,Shipped
1745,10299,47,100.0,10,Shipped
1746,10299,33,66.49,6,Shipped
1747,10299,32,80.84,1,Shipped
1748,10299,24,42.24,4,Shipped
1749,10299,38,100.0,7,Shipped
1750,10299,44,80.55,5,Shipped
1751,10300,33,100.0,5,Shipped
1752,10300,29,100.0,3,Shipped
1753,10300,22,76.61,6,Shipped
1754,10300,23,100.0,2,Shipped
1755,10300,41,92.4,1,Shipped
1756,10300,49,78.8,8,Shipped
1757,10300,23,100.0,7,Shipped
1758,10300,31,58.78,4,Shipped
1759,10301,37,100.0,8,Shipped
1760,10301,32,100.0,4,Shipped
1761,10301,47,100.0,7,Shipped
1762,10301,22,100.0,5,Shipped
1763,10301,23,100.0,9,Shipped
1764,10301,39,100.0,6,Shipped
1765,10301,27,72.02,1,Shipped
1766,10301,22,51.32,3,Shipped
1767,10301,48,34.36,10,Shipped
1768,10301,22,96.37,2,Shipped
1769,10301,50,100.0,11,Shipped
1770,10302,43,100.0,1,Shipped
1771,10302,38,89.27,2,Shipped
1772,10302,23,72.7,3,Shipped
1773,10302,49,100.0,5,Shipped
1774,10302,45,100.0,4,Shipped
1775,10302,48,74.48,6,Shipped
1776,10303,46,49.04,2,Shipped
1777,10303,24,40.21,1,Shipped
1778,10304,47,100.0,6,Shipped
1779,10304,39,100.0,3,Shipped
1780,10304,46,98.0,5,Shipped
1781,10304,37,95.55,13,Shipped
1782,10304,37,48.52,12,Shipped
1783,10304,24,100.0,17,Shipped
1784,10304,20,100.0,14,Shipped
1785,10304,24,64.96,9,Shipped
1786,10304,26,85.87,8,Shipped
1787,10304,38,100.0,11,Shipped
1788,10304,34,49.3,4,Shipped
1789,10304,23,30.2,16,Shipped
1790,10304,44,39.42,15,Shipped
1791,10304,33,100.0,10,Shipped
1792,10304,36,73.04,2,Shipped
1793,10304,40,100.0,1,Shipped
1794,10304,46,100.0,7,Shipped
1795,10305,38,100.0,13,Shipped
1796,10305,38,100.0,5,Shipped
1797,10305,27,100.0,4,Shipped
1798,10305,36,100.0,8,Shipped
1799,10305,41,53.48,11,Shipped
1800,10305,37,100.0,9,Shipped
1801,10305,22,99.29,14,Shipped
1802,10305,45,61.85,2,Shipped
1803,10305,24,100.0,10,Shipped
1804,10305,48,31.47,6,Shipped
1805,10305,36,100.0,1,Shipped
1806,10305,28,100.0,12,Shipped
1807,10305,40,57.9,7,Shipped
1808,10305,42,100.0,3,Shipped
1809,10306,31,100.0,13,Shipped
1810,10306,34,100.0,14,Shipped
1811,10306,20,100.0,12,Shipped
1812,10306,32,100.0,9,Shipped
1813,10306,40,91.76,11,Shipped
1814,10306,23,100.0,16,Shipped
1815,10306,39,90.4,8,Shipped
1816,10306,29,100.0,7,Shipped
1817,10306,31,84.08,2,Shipped
1818,10306,46,50.33,17,Shipped
1819,10306,34,60.34,15,Shipped
1820,10306,50,54.0,3,Shipped
1821,10306,38,91.81,10,Shipped
1822,10306,43,75.17,1,Shipped
1823,10306,32,90.15,4,Shipped
1824,10306,30,100.0,5,Shipped
1825,10306,35,59.51,6,Shipped
1826,10307,22,100.0,9,Shipped
1827,10307,39,100.0,1,Shipped
1828,10307,31,83.44,7,Shipped
1829,10307,48,86.81,6,Shipped
1830,10307,25,75.36,2,Shipped
1831,10307,22,71.67,3,Shipped
1832,10307,22,91.41,8,Shipped
1833,10307,34,97.76,5,Shipped
1834,10307,34,53.63,4,Shipped
1835,10308,34,100.0,2,Shipped
1836,10308,20,100.0,1,Shipped
1837,10308,27,82.79,7,Shipped
1838,10308,34,52.09,3,Shipped
1839,10308,31,100.0,9,Shipped
1840,10308,47,63.22,4,Shipped
1841,10308,43,76.43,16,Shipped
1842,10308,44,83.32,8,Shipped
1843,10308,24,79.91,5,Shipped
1844,10308,46,66.04,10,Shipped
1845,10308,47,43.64,11,Shipped
1846,10308,21,100.0,12,Shipped
1847,10308,35,88.75,14,Shipped
1848,10308,31,100.0,6,Shipped
1849,10308,21,87.2,13,Shipped
1850,10308,39,68.11,15,Shipped
1851,10309,41,100.0,5,Shipped
1852,10309,26,100.0,4,Shipped
1853,10309,21,100.0,6,Shipped
1854,10309,24,56.1,2,Shipped
1855,10309,50,84.7,3,Shipped
1856,10309,28,88.68,1,Shipped
1857,10310,33,100.0,10,Shipped
1858,10310,24,100.0,8,Shipped
1859,10310,49,81.4,11,Shipped
1860,10310,25,100.0,7,Shipped
1861,10310,37,100.0,2,Shipped
1862,10310,20,91.63,6,Shipped
1863,10310,24,100.0,1,Shipped
1864,10310,48,100.0,3,Shipped
1865,10310,27,80.41,13,Shipped
1866,10310,49,100.0,12,Shipped
1867,10310,42,67.14,16,Shipped
1868,10310,40,100.0,15,Shipped
1869,10310,33,41.91,4,Shipped
1870,10310,38,56.94,9,Shipped
1871,10310,45,100.0,5,Shipped
1872,10310,49,97.01,14,Shipped
1873,10310,36,43.05,17,Shipped
1874,10311,29,100.0,9,Shipped
1875,10311,43,100.0,10,Shipped
1876,10311,32,100.0,11,Shipped
1877,10311,41,81.91,1,Shipped
1878,10311,25,66.99,2,Shipped
1879,10311,26,87.45,6,Shipped
1880,10311,45,49.3,8,Shipped
1881,10311,28,93.6,4,Shipped
1882,10311,43,100.0,3,Shipped
1883,10311,25,83.04,5,Shipped
1884,10311,46,92.09,7,Shipped
1885,10312,48,100.0,3,Shipped
1886,10312,32,100.0,2,Shipped
1887,10312,43,89.38,10,Shipped
1888,10312,25,44.21,9,Shipped
1889,10312,48,100.0,17,Shipped
1890,10312,30,61.15,16,Shipped
1891,10312,31,100.0,14,Shipped
1892,10312,25,100.0,11,Shipped
1893,10312,37,100.0,4,Shipped
1894,10312,35,53.72,6,Shipped
1895,10312,38,100.0,5,Shipped
1896,10312,33,100.0,8,Shipped
1897,10312,39,56.85,1,Shipped
1898,10312,39,29.54,13,Shipped
1899,10312,23,37.63,12,Shipped
1900,10312,31,35.29,15,Shipped
1901,10312,44,100.0,7,Shipped
1902,10313,40,100.0,7,Shipped
1903,10313,21,100.0,11,Shipped
1904,10313,29,100.0,2,Shipped
1905,10313,34,52.87,5,Shipped
1906,10313,25,100.0,3,Shipped
1907,10313,28,100.0,8,Shipped
1908,10313,42,100.0,4,Shipped
1909,10313,27,87.64,6,Shipped
1910,10313,38,45.45,1,Shipped
1911,10313,34,56.24,10,Shipped
1912,10313,30,99.13,9,Shipped
1913,10314,38,100.0,5,Shipped
1914,10314,46,100.0,6,Shipped
1915,10314,36,100.0,4,Shipped
1916,10314,45,100.0,14,Shipped
1917,10314,42,100.0,13,Shipped
1918,10314,20,100.0,1,Shipped
1919,10314,23,100.0,3,Shipped
1920,10314,29,100.0,8,Shipped
1921,10314,44,53.18,11,Shipped
1922,10314,39,37.13,15,Shipped
1923,10314,38,100.0,10,Shipped
1924,10314,35,66.49,9,Shipped
1925,10314,28,100.0,12,Shipped
1926,10314,38,61.51,7,Shipped
1927,10314,23,76.22,2,Shipped
1928,10315,36,100.0,7,Shipped
1929,10315,35,100.0,6,Shipped
1930,10315,24,86.74,1,Shipped
1931,10315,41,62.0,2,Shipped
1932,10315,31,86.15,3,Shipped
1933,10315,37,91.37,4,Shipped
1934,10315,40,55.69,5,Shipped
1935,10316,33,100.0,17,Shipped
1936,10316,27,100.0,9,Shipped
1937,10316,21,94.62,15,Shipped
1938,10316,47,86.81,14,Shipped
1939,10316,25,100.0,1,Shipped
1940,10316,34,63.71,10,Shipped
1941,10316,47,76.93,11,Shipped
1942,10316,25,92.25,16,Shipped
1943,10316,30,77.79,8,Shipped
1944,10316,24,59.16,2,Shipped
1945,10316,34,47.57,3,Shipped
1946,10316,34,82.21,4,Shipped
1947,10316,45,93.24,13,Shipped
1948,10316,23,100.0,6,Shipped
1949,10316,48,74.45,18,Shipped
1950,10316,48,75.2,5,Shipped
1951,10316,44,62.19,7,Shipped
1952,10316,34,43.7,12,Shipped
1953,10317,35,83.32,1,Shipped
1954,10318,46,94.74,1,Shipped
1955,10318,45,100.0,4,Shipped
1956,10318,37,100.0,3,Shipped
1957,10318,31,100.0,9,Shipped
1958,10318,42,52.7,5,Shipped
1959,10318,48,100.0,2,Shipped
1960,10318,26,86.83,6,Shipped
1961,10318,47,100.0,7,Shipped
1962,10318,50,100.0,8,Shipped
1963,10319,30,100.0,9,Shipped
1964,10319,46,73.98,1,Shipped
1965,10319,44,59.06,4,Shipped
1966,10319,45,100.0,3,Shipped
1967,10319,31,81.73,7,Shipped
1968,10319,43,85.69,2,Shipped
1969,10319,29,38.22,5,Shipped
1970,10319,22,100.0,8,Shipped
1971,10319,45,77.29,6,Shipped
1972,10320,31,100.0,3,Shipped
1973,10320,35,100.0,1,Shipped
1974,10320,38,73.42,4,Shipped
1975,10320,25,100.0,5,Shipped
1976,10320,26,61.23,2,Shipped
1977,10321,24,100.0,15,Shipped
1978,10321,41,100.0,10,Shipped
1979,10321,44,100.0,6,Shipped
1980,10321,37,78.54,14,Shipped
1981,10321,25,100.0,9,Shipped
1982,10321,27,100.0,7,Shipped
1983,10321,33,100.0,11,Shipped
1984,10321,28,100.0,8,Shipped
1985,10321,30,70.55,3,Shipped
1986,10321,48,42.26,5,Shipped
1987,10321,30,72.7,1,Shipped
1988,10321,37,33.23,12,Shipped
1989,10321,39,84.75,2,Shipped
1990,10321,21,89.95,4,Shipped
1991,10321,26,100.0,13,Shipped
1992,10322,40,100.0,1,Shipped
1993,10322,46,61.99,8,Shipped
1994,10322,27,100.0,9,Shipped
1995,10322,22,100.0,10,Shipped
1996,10322,43,86.3,14,Shipped
1997,10322,41,57.68,5,Shipped
1998,10322,50,100.0,6,Shipped
1999,10322,35,61.21,11,Shipped
2000,10322,36,100.0,2,Shipped
2001,10322,33,100.0,12,Shipped
2002,10322,41,29.87,13,Shipped
2003,10322,48,47.04,7,Shipped
2004,10322,20,100.0,3,Shipped
2005,10322,30,100.0,4,Shipped
2006,10323,33,91.27,2,Shipped
2007,10323,47,100.0,1,Shipped
2008,10324,27,54.33,1,Shipped
2009,10324,26,58.38,7,Shipped
2010,10324,47,100.0,8,Shipped
2011,10324,33,37.48,10,Shipped
2012,10324,27,100.0,12,Shipped
2013,10324,49,100.0,13,Shipped
2014,10324,38,100.0,6,Shipped
2015,10324,25,69.16,14,Shipped
2016,10324,31,100.0,2,Shipped
2017,10324,30,100.0,9,Shipped
2018,10324,33,100.0,3,Shipped
2019,10324,20,98.18,11,Shipped
2020,10324,48,100.0,4,Shipped
2021,10324,34,100.0,5,Shipped
2022,10325,47,64.93,6,Shipped
2023,10325,42,64.0,8,Shipped
2024,10325,24,100.0,1,Shipped
2025,10325,24,69.12,9,Shipped
2026,10325,44,100.0,5,Shipped
2027,10325,38,100.0,3,Shipped
2028,10325,28,100.0,2,Shipped
2029,10325,38,100.0,4,Shipped
2030,10325,44,100.0,7,Shipped
2031,10326,32,100.0,6,Shipped
2032,10326,50,86.01,5,Shipped
2033,10326,41,100.0,4,Shipped
2034,10326,41,85.85,3,Shipped
2035,10326,20,92.25,2,Shipped
2036,10326,39,60.0,1,Shipped
2037,10327,25,100.0,6,Resolved
2038,10327,45,100.0,8,Resolved
2039,10327,25,45.86,5,Resolved
2040,10327,20,100.0,7,Resolved
2041,10327,21,96.31,1,Resolved
2042,10327,43,80.0,2,Resolved
2043,10327,37,86.61,3,Resolved
2044,10327,37,86.74,4,Resolved
2045,10328,34,100.0,6,Shipped
2046,10328,47,87.54,14,Shipped
2047,10328,48,58.92,1,Shipped
2048,10328,20,72.98,2,Shipped
2049,10328,35,76.43,3,Shipped
2050,10328,43,60.86,4,Shipped
2051,10328,24,81.17,5,Shipped
2052,10328,34,51.93,7,Shipped
2053,10328,27,100.0,8,Shipped
2054,10328,41,100.0,9,Shipped
2055,10328,37,100.0,10,Shipped
2056,10328,33,100.0,11,Shipped
2057,10328,33,64.0,13,Shipped
2058,10328,39,85.87,12,Shipped
2059,10329,42,100.0,1,Shipped
2060,10329,20,100.0,2,Shipped
2061,10329,26,100.0,3,Shipped
2062,10329,41,71.47,5,Shipped
2063,10329,24,100.0,6,Shipped
2064,10329,46,83.63,13,Shipped
2065,10329,33,100.0,14,Shipped
2066,10329,39,64.74,15,Shipped
2067,10329,29,100.0,9,Shipped
2068,10329,38,100.0,12,Shipped
2069,10329,38,59.1,10,Shipped
2070,10329,30,87.78,7,Shipped
2071,10329,37,94.43,4,Shipped
2072,10329,45,63.91,11,Shipped
2073,10329,44,86.13,8,Shipped
2074,10330,37,100.0,3,Shipped
2075,10330,29,69.63,2,Shipped
2076,10330,50,100.0,4,Shipped
2077,10330,42,81.03,1,Shipped
2078,10331,46,100.0,6,Shipped
2079,10331,44,100.0,14,Shipped
2080,10331,44,74.04,7,Shipped
2081,10331,30,32.47,8,Shipped
2082,10331,26,64.9,10,Shipped
2083,10331,27,100.0,11,Shipped
2084,10331,26,67.91,12,Shipped
2085,10331,27,42.24,13,Shipped
2086,10331,25,100.0,9,Shipped
2087,10331,21,100.0,1,Shipped
2088,10331,41,100.0,2,Shipped
2089,10331,28,100.0,3,Shipped
2090,10331,32,100.0,4,Shipped
2091,10331,20,100.0,5,Shipped
2092,10332,46,95.13,15,Shipped
2093,10332,27,89.89,16,Shipped
2094,10332,38,84.25,9,Shipped
2095,10332,35,64.69,8,Shipped
2096,10332,24,52.67,1,Shipped
2097,10332,26,100.0,17,Shipped
2098,10332,40,39.8,18,Shipped
2099,10332,50,100.0,2,Shipped
2100,10332,21,100.0,3,Shipped
2101,10332,23,56.84,4,Shipped
2102,10332,20,87.96,5,Shipped
2103,10332,45,81.91,6,Shipped
2104,10332,26,85.52,10,Shipped
2105,10332,39,86.72,7,Shipped
2106,10332,44,42.26,11,Shipped
2107,10332,45,34.19,12,Shipped
2108,10332,31,37.18,13,Shipped
2109,10332,41,77.24,14,Shipped
2110,10333,26,100.0,3,Shipped
2111,10333,33,99.21,6,Shipped
2112,10333,29,40.25,7,Shipped
2113,10333,31,90.17,5,Shipped
2114,10333,46,100.0,2,Shipped
2115,10333,24,79.86,8,Shipped
2116,10333,39,100.0,1,Shipped
2117,10333,33,73.69,4,Shipped
2118,10334,26,100.0,2,On Hold
2119,10334,46,100.0,6,On Hold
2120,10334,34,61.38,1,On Hold
2121,10334,20,100.0,3,On Hold
2122,10334,49,100.0,4,On Hold
2123,10334,42,100.0,5,On Hold
2124,10335,33,37.13,2,Shipped
2125,10335,44,100.0,1,Shipped
2126,10335,40,60.6,3,Shipped
2127,10336,33,57.22,10,Shipped
2128,10336,33,100.0,11,Shipped
2129,10336,49,63.38,1,Shipped
2130,10336,38,100.0,3,Shipped
2131,10336,49,100.0,6,Shipped
2132,10336,48,100.0,12,Shipped
2133,10336,21,100.0,7,Shipped
2134,10336,45,100.0,4,Shipped
2135,10336,31,100.0,5,Shipped
2136,10336,31,84.71,9,Shipped
2137,10336,23,100.0,8,Shipped
2138,10336,46,100.0,2,Shipped
2139,10337,25,48.05,8,Shipped
2140,10337,36,100.0,3,Shipped
2141,10337,29,100.0,2,Shipped
2142,10337,29,71.97,4,Shipped
2143,10337,21,100.0,6,Shipped
2144,10337,36,70.3,9,Shipped
2145,10337,31,89.38,1,Shipped
2146,10337,36,71.89,7,Shipped
2147,10337,42,97.16,5,Shipped
2148,10338,41,100.0,1,Shipped
2149,10338,28,82.58,3,Shipped
2150,10338,45,100.0,2,Shipped
2151,10339,40,68.92,4,Shipped
2152,10339,39,76.67,3,Shipped
2153,10339,27,100.0,2,Shipped
2154,10339,30,62.16,1,Shipped
2155,10339,27,84.39,10,Shipped
2156,10339,21,50.65,7,Shipped
2157,10339,55,100.0,12,Shipped
2158,10339,55,100.0,13,Shipped
2159,10339,29,99.69,14,Shipped
2160,10339,42,59.36,16,Shipped
2161,10339,45,96.92,11,Shipped
2162,10339,22,100.0,5,Shipped
2163,10339,55,71.25,15,Shipped
2164,10339,50,74.35,9,Shipped
2165,10339,50,57.86,8,Shipped
2166,10339,27,76.31,6,Shipped
2167,10340,55,79.98,8,Shipped
2168,10340,40,84.77,1,Shipped
2169,10340,55,100.0,2,Shipped
2170,10340,39,59.16,3,Shipped
2171,10340,40,50.62,4,Shipped
2172,10340,30,88.6,5,Shipped
2173,10340,55,87.75,7,Shipped
2174,10340,29,100.0,6,Shipped
2175,10341,41,100.0,9,Shipped
2176,10341,45,79.65,2,Shipped
2177,10341,55,100.0,8,Shipped
2178,10341,44,95.93,1,Shipped
2179,10341,36,93.56,10,Shipped
2180,10341,55,75.2,7,Shipped
2181,10341,32,100.0,6,Shipped
2182,10341,31,71.02,4,Shipped
2183,10341,38,100.0,3,Shipped
2184,10341,34,100.0,5,Shipped
2185,10342,40,100.0,2,Shipped
2186,10342,55,65.45,1,Shipped
2187,10342,22,100.0,3,Shipped
2188,10342,30,100.0,4,Shipped
2189,10342,25,66.74,5,Shipped
2190,10342,55,100.0,7,Shipped
2191,10342,26,55.95,8,Shipped
2192,10342,38,100.0,11,Shipped
2193,10342,39,40.4,9,Shipped
2194,10342,48,62.45,10,Shipped
2195,10342,42,100.0,6,Shipped
2196,10343,36,100.0,4,Shipped
2197,10343,25,52.32,3,Shipped
2198,10343,44,84.88,2,Shipped
2199,10343,27,36.21,6,Shipped
2200,10343,30,100.0,1,Shipped
2201,10343,29,100.0,5,Shipped
2202,10344,45,100.0,1,Shipped
2203,10344,40,56.91,2,Shipped
2204,10344,30,100.0,3,Shipped
2205,10344,21,100.0,4,Shipped
2206,10344,26,63.43,5,Shipped
2207,10344,29,59.53,7,Shipped
2208,10344,20,35.18,6,Shipped
2209,10345,43,53.76,1,Shipped
2210,10346,42,36.11,3,Shipped
2211,10346,25,100.0,1,Shipped
2212,10346,24,87.24,5,Shipped
2213,10346,24,100.0,2,Shipped
2214,10346,26,95.88,6,Shipped
2215,10346,22,97.44,4,Shipped
2216,10347,30,100.0,1,Shipped
2217,10347,27,100.0,2,Shipped
2218,10347,29,100.0,3,Shipped
2219,10347,42,49.6,5,Shipped
2220,10347,21,58.95,7,Shipped
2221,10347,50,100.0,8,Shipped
2222,10347,21,100.0,6,Shipped
2223,10347,48,100.0,9,Shipped
2224,10347,34,64.96,10,Shipped
2225,10347,45,100.0,11,Shipped
2226,10347,26,100.0,12,Shipped
2227,10347,45,100.0,4,Shipped
2228,10348,48,52.36,8,Shipped
2229,10348,47,100.0,4,Shipped
2230,10348,29,100.0,6,Shipped
2231,10348,37,100.0,1,Shipped
2232,10348,39,50.31,2,Shipped
2233,10348,42,100.0,3,Shipped
2234,10348,31,100.0,5,Shipped
2235,10348,32,82.83,7,Shipped
2236,10349,26,100.0,10,Shipped
2237,10349,48,100.0,9,Shipped
2238,10349,38,100.0,8,Shipped
2239,10349,38,100.0,7,Shipped
2240,10349,48,100.0,6,Shipped
2241,10349,34,100.0,5,Shipped
2242,10349,48,47.4,4,Shipped
2243,10349,36,37.13,3,Shipped
2244,10349,23,100.0,2,Shipped
2245,10349,33,46.53,1,Shipped
2246,10350,26,75.47,5,Shipped
2247,10350,43,64.97,6,Shipped
2248,10350,44,100.0,1,Shipped
2249,10350,41,93.04,2,Shipped
2250,10350,30,100.0,3,Shipped
2251,10350,34,50.33,7,Shipped
2252,10350,30,100.0,9,Shipped
2253,10350,25,60.34,10,Shipped
2254,10350,27,100.0,14,Shipped
2255,10350,31,71.4,8,Shipped
2256,10350,44,100.0,17,Shipped
2257,10350,46,76.67,11,Shipped
2258,10350,28,100.0,4,Shipped
2259,10350,29,75.35,12,Shipped
2260,10350,31,77.34,13,Shipped
2261,10350,25,100.0,16,Shipped
2262,10350,20,100.0,15,Shipped
2263,10351,39,99.52,1,Shipped
2264,10351,20,100.0,2,Shipped
2265,10351,25,74.68,5,Shipped
2266,10351,38,68.38,4,Shipped
2267,10351,34,59.37,3,Shipped
2268,10352,23,100.0,3,Shipped
2269,10352,49,100.0,2,Shipped
2270,10352,22,75.51,1,Shipped
2271,10352,49,52.64,4,Shipped
2272,10353,27,100.0,1,Shipped
2273,10353,28,71.73,2,Shipped
2274,10353,35,89.9,3,Shipped
2275,10353,46,81.17,5,Shipped
2276,10353,40,44.51,7,Shipped
2277,10353,40,82.21,8,Shipped
2278,10353,39,100.0,9,Shipped
2279,10353,48,68.8,4,Shipped
2280,10353,43,81.95,6,Shipped
2281,10355,23,100.0,7,Shipped
2282,10355,31,53.47,1,Shipped
2283,10355,25,100.0,2,Shipped
2284,10355,41,70.65,3,Shipped
2285,10355,36,38.52,4,Shipped
2286,10355,44,62.45,6,Shipped
2287,10355,32,100.0,8,Shipped
2288,10355,28,95.39,9,Shipped
2289,10355,38,39.83,10,Shipped
2290,10355,40,100.0,5,Shipped
2291,10356,43,97.6,8,Shipped
2292,10356,50,50.18,9,Shipped
2293,10356,22,72.41,6,Shipped
2294,10356,27,64.69,2,Shipped
2295,10356,29,100.0,3,Shipped
2296,10356,30,100.0,1,Shipped
2297,10356,48,100.0,5,Shipped
2298,10356,26,31.86,7,Shipped
2299,10356,26,100.0,4,Shipped
2300,10357,32,100.0,10,Shipped
2301,10357,43,100.0,9,Shipped
2302,10357,49,100.0,8,Shipped
2303,10357,39,98.0,1,Shipped
2304,10357,41,61.99,7,Shipped
2305,10357,41,87.13,6,Shipped
2306,10357,49,70.58,5,Shipped
2307,10357,44,100.0,4,Shipped
2308,10357,25,100.0,3,Shipped
2309,10357,28,100.0,2,Shipped
2310,10358,49,55.34,5,Shipped
2311,10358,42,64.16,9,Shipped
2312,10358,20,100.0,10,Shipped
2313,10358,20,36.42,11,Shipped
2314,10358,32,93.49,12,Shipped
2315,10358,25,100.0,13,Shipped
2316,10358,30,100.0,8,Shipped
2317,10358,44,60.76,14,Shipped
2318,10358,41,100.0,7,Shipped
2319,10358,36,82.94,4,Shipped
2320,10358,41,100.0,6,Shipped
2321,10358,41,100.0,1,Shipped
2322,10358,36,100.0,2,Shipped
2323,10358,27,100.0,3,Shipped
2324,10359,48,54.68,6,Shipped
2325,10359,42,100.0,8,Shipped
2326,10359,49,62.09,5,Shipped
2327,10359,22,100.0,7,Shipped
2328,10359,36,100.0,3,Shipped
2329,10359,22,100.0,1,Shipped
2330,10359,46,100.0,2,Shipped
2331,10359,25,64.93,4,Shipped
2332,10361,20,72.55,13,Shipped
2333,10361,26,51.15,8,Shipped
2334,10361,34,100.0,6,Shipped
2335,10361,26,100.0,7,Shipped
2336,10361,25,62.46,1,Shipped
2337,10361,49,72.33,2,Shipped
2338,10361,33,82.59,3,Shipped
2339,10361,20,60.54,4,Shipped
2340,10361,24,45.39,14,Shipped
2341,10361,26,100.0,9,Shipped
2342,10361,44,72.42,5,Shipped
2343,10361,44,100.0,10,Shipped
2344,10361,35,100.0,11,Shipped
2345,10361,23,95.2,12,Shipped
2346,10362,22,100.0,4,Shipped
2347,10362,22,100.0,1,Shipped
2348,10362,23,49.67,3,Shipped
2349,10362,50,96.92,2,Shipped
2350,10363,33,85.39,3,Shipped
2351,10363,34,96.73,4,Shipped
2352,10363,34,81.62,5,Shipped
2353,10363,46,88.45,6,Shipped
2354,10363,22,100.0,7,Shipped
2355,10363,46,60.3,10,Shipped
2356,10363,24,100.0,11,Shipped
2357,10363,32,89.12,12,Shipped
2358,10363,28,58.18,13,Shipped
2359,10363,21,100.0,8,Shipped
2360,10363,43,61.23,14,Shipped
2361,10363,21,100.0,15,Shipped
2362,10363,31,94.58,1,Shipped
2363,10363,43,100.0,9,Shipped
2364,10363,50,100.0,2,Shipped
2365,10364,48,48.28,1,Shipped
2366,10365,30,87.06,1,Shipped
2367,10365,22,100.0,3,Shipped
2368,10365,44,100.0,2,Shipped
2369,10366,34,100.0,3,Shipped
2370,10366,49,100.0,2,Shipped
2371,10366,34,100.0,1,Shipped
2372,10367,49,56.3,1,Resolved
2373,10367,37,100.0,3,Resolved
2374,10367,45,100.0,4,Resolved
2375,10367,27,100.0,5,Resolved
2376,10367,32,94.79,7,Resolved
2377,10367,46,100.0,6,Resolved
2378,10367,43,62.72,8,Resolved
2379,10367,44,85.25,9,Resolved
2380,10367,21,60.37,10,Resolved
2381,10367,38,38.5,11,Resolved
2382,10367,23,36.29,13,Resolved
2383,10367,28,30.59,12,Resolved
2384,10367,36,100.0,2,Resolved
2385,10368,40,100.0,2,Shipped
2386,10368,31,100.0,5,Shipped
2387,10368,46,79.62,1,Shipped
2388,10368,20,99.58,4,Shipped
2389,10368,46,37.34,3,Shipped
2390,10369,41,100.0,2,Shipped
2391,10369,44,100.0,8,Shipped
2392,10369,32,98.63,7,Shipped
2393,10369,42,100.0,1,Shipped
2394,10369,28,44.21,6,Shipped
2395,10369,21,94.22,5,Shipped
2396,10369,45,73.08,4,Shipped
2397,10369,40,86.92,3,Shipped
2398,10370,35,65.63,4,Shipped
2399,10370,49,100.0,8,Shipped
2400,10370,27,100.0,1,Shipped
2401,10370,22,100.0,5,Shipped
2402,10370,22,96.86,7,Shipped
2403,10370,27,56.85,9,Shipped
2404,10370,29,57.53,6,Shipped
2405,10370,20,100.0,2,Shipped
2406,10370,25,100.0,3,Shipped
2407,10371,32,100.0,6,Shipped
2408,10371,49,35.71,4,Shipped
2409,10371,25,100.0,7,Shipped
2410,10371,25,97.27,12,Shipped
2411,10371,20,100.0,5,Shipped
2412,10371,45,100.0,8,Shipped
2413,10371,28,50.32,9,Shipped
2414,10371,26,100.0,1,Shipped
2415,10371,20,66.47,2,Shipped
2416,10371,30,99.55,11,Shipped
2417,10371,48,56.55,10,Shipped
2418,10371,34,100.0,3,Shipped
2419,10372,40,100.0,4,Shipped
2420,10372,34,100.0,1,Shipped
2421,10372,28,100.0,3,Shipped
2422,10372,25,84.71,5,Shipped
2423,10372,48,100.0,6,Shipped
2424,10372,41,86.89,7,Shipped
2425,10372,37,100.0,8,Shipped
2426,10372,24,58.58,9,Shipped
2427,10372,44,100.0,2,Shipped
2428,10373,39,100.0,3,Shipped
2429,10373,28,57.55,4,Shipped
2430,10373,22,86.74,5,Shipped
2431,10373,50,60.49,6,Shipped
2432,10373,38,70.44,7,Shipped
2433,10373,33,57.32,12,Shipped
2434,10373,46,66.0,11,Shipped
2435,10373,23,100.0,10,Shipped
2436,10373,39,73.0,13,Shipped
2437,10373,44,100.0,14,Shipped
2438,10373,32,84.41,15,Shipped
2439,10373,41,70.33,16,Shipped
2440,10373,34,96.34,2,Shipped
2441,10373,37,100.0,8,Shipped
2442,10373,45,55.62,17,Shipped
2443,10373,25,64.97,9,Shipped
2444,10373,29,100.0,1,Shipped
2445,10374,39,100.0,5,Shipped
2446,10374,22,100.0,1,Shipped
2447,10374,42,69.27,2,Shipped
2448,10374,22,53.3,4,Shipped
2449,10374,38,100.0,6,Shipped
2450,10374,46,94.1,3,Shipped
2451,10375,21,34.91,12,Shipped
2452,10375,45,76.0,7,Shipped
2453,10375,49,78.92,13,Shipped
2454,10375,23,100.0,9,Shipped
2455,10375,20,100.0,14,Shipped
2456,10375,43,100.0,2,Shipped
2457,10375,37,100.0,3,Shipped
2458,10375,44,82.26,4,Shipped
2459,10375,41,100.0,15,Shipped
2460,10375,49,65.8,5,Shipped
2461,10375,49,100.0,8,Shipped
2462,10375,37,81.87,6,Shipped
2463,10375,33,100.0,1,Shipped
2464,10375,25,66.73,10,Shipped
2465,10375,44,100.0,11,Shipped
2466,10376,35,100.0,1,Shipped
2467,10377,24,67.83,5,Shipped
2468,10377,50,100.0,1,Shipped
2469,10377,35,100.0,2,Shipped
2470,10377,31,67.76,4,Shipped
2471,10377,36,100.0,6,Shipped
2472,10377,39,100.0,3,Shipped
2473,10378,34,42.64,5,Shipped
2474,10378,22,100.0,4,Shipped
2475,10378,43,96.49,10,Shipped
2476,10378,28,100.0,9,Shipped
2477,10378,49,67.14,8,Shipped
2478,10378,41,100.0,7,Shipped
2479,10378,46,41.54,6,Shipped
2480,10378,33,53.27,3,Shipped
2481,10378,41,100.0,2,Shipped
2482,10378,40,82.46,1,Shipped
2483,10379,39,100.0,2,Shipped
2484,10379,27,49.3,1,Shipped
2485,10379,29,100.0,5,Shipped
2486,10379,32,70.83,4,Shipped
2487,10379,32,100.0,3,Shipped
2488,10380,27,93.16,13,Shipped
2489,10380,40,100.0,10,Shipped
2490,10380,21,47.18,8,Shipped
2491,10380,32,100.0,1,Shipped
2492,10380,24,100.0,2,Shipped
2493,10380,34,100.0,3,Shipped
2494,10380,32,70.56,4,Shipped
2495,10380,27,68.35,5,Shipped
2496,10380,36,37.5,6,Shipped
2497,10380,44,36.29,7,Shipped
2498,10380,44,79.06,9,Shipped
2499,10380,34,100.0,11,Shipped
2500,10380,43,95.03,12,Shipped
2501,10381,36,100.0,3,Shipped
2502,10381,37,100.0,6,Shipped
2503,10381,20,100.0,1,Shipped
2504,10381,48,98.0,2,Shipped
2505,10381,25,52.83,9,Shipped
2506,10381,35,48.62,7,Shipped
2507,10381,41,100.0,8,Shipped
2508,10381,40,68.08,4,Shipped
2509,10381,35,100.0,5,Shipped
2510,10382,34,100.0,10,Shipped
2511,10382,37,100.0,11,Shipped
2512,10382,34,95.35,12,Shipped
2513,10382,32,66.58,13,Shipped
2514,10382,25,88.0,5,Shipped
2515,10382,50,100.0,7,Shipped
2516,10382,39,100.0,1,Shipped
2517,10382,39,100.0,2,Shipped
2518,10382,20,100.0,3,Shipped
2519,10382,33,100.0,4,Shipped
2520,10382,26,100.0,6,Shipped
2521,10382,48,100.0,8,Shipped
2522,10382,34,54.84,9,Shipped
2523,10383,27,100.0,11,Shipped
2524,10383,24,61.52,9,Shipped
2525,10383,47,100.0,6,Shipped
2526,10383,26,100.0,12,Shipped
2527,10383,38,100.0,1,Shipped
2528,10383,28,58.58,7,Shipped
2529,10383,22,91.76,2,Shipped
2530,10383,40,100.0,3,Shipped
2531,10383,21,93.91,4,Shipped
2532,10383,32,53.18,5,Shipped
2533,10383,44,36.07,8,Shipped
2534,10383,29,100.0,13,Shipped
2535,10383,38,60.06,10,Shipped
2536,10384,34,100.0,4,Shipped
2537,10384,28,80.54,3,Shipped
2538,10384,43,97.87,2,Shipped
2539,10384,49,100.0,1,Shipped
2540,10385,37,85.54,2,Shipped
2541,10385,25,77.34,1,Shipped
2542,10386,25,54.57,7,Resolved
2543,10386,21,74.77,18,Resolved
2544,10386,37,93.01,5,Resolved
2545,10386,22,57.55,6,Resolved
2546,10386,33,41.71,11,Resolved
2547,10386,39,55.96,1,Resolved
2548,10386,35,63.76,9,Resolved
2549,10386,41,73.32,12,Resolved
2550,10386,50,63.34,8,Resolved
2551,10386,29,85.76,13,Resolved
2552,10386,37,83.84,14,Resolved
2553,10386,37,100.0,10,Resolved
2554,10386,32,94.34,17,Resolved
2555,10386,45,92.08,2,Resolved
2556,10386,30,95.48,3,Resolved
2557,10386,44,86.4,15,Resolved
2558,10386,50,87.15,16,Resolved
2559,10386,43,100.0,4,Resolved
2560,10387,44,94.9,1,Shipped
2561,10388,42,76.36,4,Shipped
2562,10388,50,44.51,5,Shipped
2563,10388,21,86.77,7,Shipped
2564,10388,44,100.0,6,Shipped
2565,10388,35,100.0,8,Shipped
2566,10388,27,100.0,1,Shipped
2567,10388,46,100.0,2,Shipped
2568,10388,50,100.0,3,Shipped
2569,10389,26,99.04,4,Shipped
2570,10389,25,72.38,6,Shipped
2571,10389,36,70.26,7,Shipped
2572,10389,47,100.0,8,Shipped
2573,10389,49,79.22,3,Shipped
2574,10389,39,100.0,5,Shipped
2575,10389,45,100.0,1,Shipped
2576,10389,49,81.4,2,Shipped
2577,10390,36,93.77,14,Shipped
2578,10390,34,43.05,15,Shipped
2579,10390,31,98.99,16,Shipped
2580,10390,26,78.11,7,Shipped
2581,10390,40,100.0,9,Shipped
2582,10390,50,100.0,1,Shipped
2583,10390,36,100.0,2,Shipped
2584,10390,49,100.0,3,Shipped
2585,10390,35,65.13,4,Shipped
2586,10390,37,100.0,5,Shipped
2587,10390,46,52.84,6,Shipped
2588,10390,45,100.0,8,Shipped
2589,10390,30,82.42,10,Shipped
2590,10390,41,44.56,11,Shipped
2591,10390,45,48.98,12,Shipped
2592,10390,22,100.0,13,Shipped
2593,10391,24,100.0,4,Shipped
2594,10391,37,46.9,7,Shipped
2595,10391,39,63.2,9,Shipped
2596,10391,29,85.1,10,Shipped
2597,10391,35,100.0,2,Shipped
2598,10391,42,100.0,3,Shipped
2599,10391,44,38.5,5,Shipped
2600,10391,32,45.25,6,Shipped
2601,10391,33,100.0,8,Shipped
2602,10391,24,100.0,1,Shipped
2603,10392,37,59.96,3,Shipped
2604,10392,29,86.92,2,Shipped
2605,10392,36,100.0,1,Shipped
2606,10394,22,100.0,5,Shipped
2607,10394,37,100.0,1,Shipped
2608,10394,31,50.29,2,Shipped
2609,10394,46,38.9,6,Shipped
2610,10394,37,100.0,7,Shipped
2611,10394,36,62.77,3,Shipped
2612,10394,30,60.28,4,Shipped
2613,10395,32,100.0,2,Shipped
2614,10395,33,69.12,1,Shipped
2615,10395,46,100.0,4,Shipped
2616,10395,45,100.0,3,Shipped
2617,10396,33,100.0,3,Shipped
2618,10396,33,100.0,2,Shipped
2619,10396,24,89.75,4,Shipped
2620,10396,45,100.0,5,Shipped
2621,10396,49,100.0,6,Shipped
2622,10396,27,83.2,7,Shipped
2623,10396,37,90.57,8,Shipped
2624,10396,39,66.67,1,Shipped
2625,10397,32,80.55,5,Shipped
2626,10397,22,66.5,4,Shipped
2627,10397,48,100.0,3,Shipped
2628,10397,36,100.0,2,Shipped
2629,10397,34,62.24,1,Shipped
2630,10398,33,100.0,11,Shipped
2631,10398,34,76.88,15,Shipped
2632,10398,28,72.26,18,Shipped
2633,10398,45,100.0,17,Shipped
2634,10398,43,100.0,16,Shipped
2635,10398,28,57.55,3,Shipped
2636,10398,34,71.67,13,Shipped
2637,10398,41,68.24,2,Shipped
2638,10398,45,78.25,14,Shipped
2639,10398,22,67.41,4,Shipped
2640,10398,49,36.66,5,Shipped
2641,10398,47,87.69,6,Shipped
2642,10398,36,100.0,7,Shipped
2643,10398,22,86.76,8,Shipped
2644,10398,23,100.0,9,Shipped
2645,10398,29,65.6,10,Shipped
2646,10398,36,87.36,12,Shipped
2647,10398,34,40.22,1,Shipped
2648,10400,64,100.0,9,Shipped
2649,10400,34,100.0,1,Shipped
2650,10400,30,74.84,7,Shipped
2651,10400,58,100.0,6,Shipped
2652,10400,24,61.66,2,Shipped
2653,10400,38,57.2,3,Shipped
2654,10400,42,72.96,8,Shipped
2655,10400,46,87.8,5,Shipped
2656,10400,20,56.12,4,Shipped
2657,10401,42,76.03,3,On Hold
2658,10401,38,96.29,5,On Hold
2659,10401,64,60.05,12,On Hold
2660,10401,52,81.14,4,On Hold
2661,10401,49,100.0,1,On Hold
2662,10401,62,77.73,6,On Hold
2663,10401,56,35.35,7,On Hold
2664,10401,11,100.0,8,On Hold
2665,10401,85,88.75,10,On Hold
2666,10401,21,96.11,2,On Hold
2667,10401,77,92.0,9,On Hold
2668,10401,28,72.55,11,On Hold
2669,10402,45,100.0,1,Shipped
2670,10402,55,55.72,2,Shipped
2671,10402,59,87.6,3,Shipped
2672,10403,24,100.0,7,Shipped
2673,10403,66,100.0,9,Shipped
2674,10403,66,100.0,6,Shipped
2675,10403,36,52.22,1,Shipped
2676,10403,46,100.0,8,Shipped
2677,10403,27,79.65,4,Shipped
2678,10403,30,40.23,2,Shipped
2679,10403,45,100.0,5,Shipped
2680,10403,31,68.34,3,Shipped
2681,10405,97,93.28,5,Shipped
2682,10405,61,73.92,4,Shipped
2683,10405,55,100.0,1,Shipped
2684,10405,47,44.56,2,Shipped
2685,10405,76,100.0,3,Shipped
2686,10406,61,100.0,3,Disputed
2687,10406,48,100.0,2,Disputed
2688,10406,65,100.0,1,Disputed
2689,10407,59,100.0,11,On Hold
2690,10407,76,100.0,2,On Hold
2691,10407,42,72.65,1,On Hold
2692,10407,41,100.0,12,On Hold
2693,10407,6,90.19,3,On Hold
2694,10407,66,66.99,4,On Hold
2695,10407,26,76.43,8,On Hold
2696,10407,64,40.25,10,On Hold
2697,10407,76,94.5,6,On Hold
2698,10407,59,98.65,5,On Hold
2699,10407,13,81.33,7,On Hold
2700,10407,43,86.73,9,On Hold
2701,10408,15,36.93,1,Shipped
2702,10409,6,100.0,2,Shipped
2703,10409,61,29.54,1,Shipped
2704,10411,23,100.0,9,Shipped
2705,10411,27,100.0,2,Shipped
2706,10411,40,100.0,6,Shipped
2707,10411,27,100.0,8,Shipped
2708,10411,46,100.0,3,Shipped
2709,10411,35,59.87,7,Shipped
2710,10411,26,100.0,1,Shipped
2711,10411,27,69.16,5,Shipped
2712,10411,34,100.0,4,Shipped
2713,10412,54,100.0,5,Shipped
2714,10412,41,100.0,4,Shipped
2715,10412,56,98.18,8,Shipped
2716,10412,47,61.99,11,Shipped
2717,10412,60,100.0,9,Shipped
2718,10412,21,52.6,2,Shipped
2719,10412,70,100.0,10,Shipped
2720,10412,30,36.07,6,Shipped
2721,10412,31,100.0,1,Shipped
2722,10412,19,48.7,7,Shipped
2723,10412,26,100.0,3,Shipped
2724,10413,36,100.0,2,Shipped
2725,10413,47,100.0,3,Shipped
2726,10413,22,100.0,1,Shipped
2727,10413,49,100.0,5,Shipped
2728,10413,24,49.71,6,Shipped
2729,10413,51,63.85,4,Shipped
2730,10414,19,100.0,3,On Hold
2731,10414,44,73.98,1,On Hold
2732,10414,41,100.0,12,On Hold
2733,10414,48,100.0,14,On Hold
2734,10414,16,75.48,11,On Hold
2735,10414,23,100.0,10,On Hold
2736,10414,60,100.0,5,On Hold
2737,10414,51,76.31,2,On Hold
2738,10414,37,71.34,6,On Hold
2739,10414,34,100.0,13,On Hold
2740,10414,31,75.89,4,On Hold
2741,10414,28,100.0,7,On Hold
2742,10414,27,90.37,8,On Hold
2743,10414,47,65.52,9,On Hold
2744,10415,51,100.0,5,Disputed
2745,10415,21,67.82,1,Disputed
2746,10415,18,69.7,2,Disputed
2747,10415,32,95.95,4,Disputed
2748,10415,42,57.61,3,Disputed
2749,10416,24,100.0,14,Shipped
2750,10416,15,98.84,4,Shipped
2751,10416,47,88.63,6,Shipped
2752,10416,32,87.6,1,Shipped
2753,10416,18,75.06,13,Shipped
2754,10416,48,74.62,5,Shipped
2755,10416,45,100.0,2,Shipped
2756,10416,26,61.22,7,Shipped
2757,10416,37,51.93,8,Shipped
2758,10416,23,91.34,9,Shipped
2759,10416,22,100.0,11,Shipped
2760,10416,41,100.0,3,Shipped
2761,10416,39,67.2,10,Shipped
2762,10416,43,62.19,12,Shipped
2763,10417,66,100.0,2,Disputed
2764,10417,45,100.0,5,Disputed
2765,10417,56,100.0,4,Disputed
2766,10417,21,100.0,1,Disputed
2767,10417,36,61.18,6,Disputed
2768,10417,35,100.0,3,Disputed
2769,10419,12,100.0,13,Shipped
2770,10419,10,100.0,11,Shipped
2771,10419,34,90.17,14,Shipped
2772,10419,32,100.0,10,Shipped
2773,10419,38,100.0,5,Shipped
2774,10419,37,100.0,1,Shipped
2775,10419,39,83.93,9,Shipped
2776,10419,34,100.0,4,Shipped
2777,10419,55,100.0,2,Shipped
2778,10419,35,100.0,6,Shipped
2779,10419,43,100.0,3,Shipped
2780,10419,15,42.67,7,Shipped
2781,10419,55,52.66,12,Shipped
2782,10419,70,100.0,8,Shipped
2783,10420,37,100.0,5,In Process
2784,10420,36,63.57,4,In Process
2785,10420,45,100.0,2,In Process
2786,10420,66,92.95,6,In Process
2787,10420,36,57.73,7,In Process
2788,10420,60,64.67,11,In Process
2789,10420,37,60.37,13,In Process
2790,10420,45,26.88,1,In Process
2791,10420,39,100.0,9,In Process
2792,10420,55,96.3,8,In Process
2793,10420,35,96.74,10,In Process
2794,10420,26,100.0,12,In Process
2795,10420,15,43.49,3,In Process
2796,10421,35,100.0,1,In Process
2797,10421,40,45.7,2,In Process
2798,10422,51,95.55,2,In Process
2799,10422,25,51.75,1,In Process
2800,10423,10,88.14,1,In Process
2801,10423,31,53.72,3,In Process
2802,10423,21,84.82,2,In Process
2803,10423,21,89.29,5,In Process
2804,10423,28,78.89,4,In Process
2805,10424,50,100.0,6,In Process
2806,10424,49,100.0,3,In Process
2807,10424,54,100.0,5,In Process
2808,10424,26,59.87,4,In Process
2809,10424,44,61.41,2,In Process
2810,10424,46,80.92,1,In Process
2811,10425,38,100.0,12,In Process
2812,10425,33,100.0,4,In Process
2813,10425,28,100.0,3,In Process
2814,10425,38,99.41,7,In Process
2815,10425,19,49.22,10,In Process
2816,10425,28,100.0,8,In Process
2817,10425,38,100.0,13,In Process
2818,10425,55,46.82,1,In Process
2819,10425,49,100.0,9,In Process
2820,10425,31,33.24,5,In Process
2821,10425,41,86.68,11,In Process
2822,10425,11,43.83,6,In Process
2823,10425,18,100.0,2,In Process
