ORDERID,PRODUCTID,DATEID,CUSTOMERID,SALES,DEALSIZE
1,1,1,62,5151.0,Medium
2,2,1,62,3390.0,Medium
3,3,1,62,1903.22,Small
4,4,1,62,1689.03,Small
5,5,2,14,3782.0,Medium
6,6,2,14,3773.38,Medium
7,7,2,14,1404.0,Small
8,8,2,14,2472.96,Small
9,9,3,90,4808.31,Medium
10,10,3,90,2055.74,Small
11,11,4,12,5404.62,Medium
12,12,4,12,5398.26,Medium
13,13,4,12,3394.98,Medium
14,14,4,12,3920.0,Medium
15,15,4,12,1189.98,Small
16,16,4,12,2242.89,Small
17,17,4,12,2011.1,Small
18,18,4,12,2539.5,Small
19,19,4,12,4791.82,Medium
20,20,4,12,4228.2,Medium
21,21,4,12,1938.89,Small
22,22,4,12,3680.28,Medium
23,23,4,12,2873.0,Small
24,24,4,12,3224.31,Medium
25,25,4,12,3403.35,Medium
26,26,4,12,4460.82,Medium
27,27,5,34,5958.5,Medium
28,28,5,34,4615.78,Medium
29,29,5,34,3457.92,Medium
30,30,5,34,3772.61,Medium
31,31,5,34,4556.99,Medium
32,32,5,34,5348.5,Medium
33,33,5,34,1942.15,Small
34,34,5,34,1742.4,Small
35,35,5,34,2921.62,Small
36,36,5,34,1666.7,Small
37,37,5,34,3227.63,Medium
38,38,5,34,3705.24,Medium
39,39,5,34,1705.92,Small
40,40,6,28,7208.0,Large
41,41,6,28,8690.36,Large
42,42,6,28,4566.05,Medium
43,43,6,28,3065.04,Medium
44,44,6,28,4330.1,Medium
45,45,6,28,3382.5,Medium
46,46,6,28,6341.21,Medium
47,47,6,28,3193.52,Medium
48,48,6,28,3983.5,Medium
49,49,6,28,2897.47,Small
50,50,6,28,2034.35,Small
51,51,6,28,2038.87,Small
52,52,6,28,3164.46,Medium
53,53,6,28,2556.18,Small
54,54,6,28,1419.5,Small
55,55,7,69,5279.4,Medium
56,56,7,69,3073.26,Medium
57,57,7,69,3421.04,Medium
58,58,7,69,4774.86,Medium
59,59,7,69,2481.64,Small
60,60,7,69,3659.32,Medium
61,61,7,69,1630.6,Small
62,62,7,69,3241.5,Medium
63,63,7,69,1657.76,Small
64,64,7,69,2406.36,Small
65,65,7,69,1565.85,Small
66,66,7,69,3312.97,Medium
67,67,7,69,3177.3,Medium
68,68,7,69,3763.46,Medium
69,69,7,69,3986.56,Medium
70,70,7,69,3273.6,Medium
71,71,7,69,2949.12,Small
72,72,7,69,2526.72,Small
73,73,8,47,2871.0,Small
74,74,8,47,3896.49,Medium
75,75,8,47,6065.55,Medium
76,76,8,47,3036.6,Medium
77,77,8,47,2055.23,Small
78,78,8,47,2845.75,Small
79,79,8,47,3155.14,Medium
80,80,8,47,1858.0,Small
81,81,9,26,5265.15,Medium
82,82,9,26,6130.35,Medium
83,83,9,26,3485.82,Medium
84,84,9,26,3731.04,Medium
85,85,9,26,3130.82,Medium
86,86,9,26,1777.1,Small
87,87,9,26,4049.56,Medium
88,88,9,26,2914.11,Small
89,89,9,26,5565.12,Medium
90,90,9,26,2060.45,Small
91,91,9,26,1892.1,Small
92,92,9,26,5448.8,Medium
93,93,9,26,2130.01,Small
94,94,9,26,1173.15,Small
95,95,9,26,3669.78,Medium
96,96,9,26,2821.66,Small
97,97,10,59,4379.18,Medium
98,98,10,59,4432.7,Medium
99,99,10,59,3157.44,Medium
100,31,10,59,8257.0,Large
101,100,10,59,6241.6,Medium
102,101,10,59,930.9,Small
103,102,11,11,5433.08,Medium
104,1,11,11,6069.0,Medium
105,2,11,11,1608.0,Small
106,5,11,11,3859.68,Medium
107,6,11,11,5074.39,Medium
108,3,11,11,2499.56,Small
109,103,11,11,2574.18,Small
110,104,11,11,3069.0,Medium
111,105,11,11,1721.73,Small
112,7,11,11,710.2,Small
113,8,11,11,1729.65,Small
114,106,11,11,3360.45,Medium
115,107,11,11,5942.28,Medium
116,108,11,11,1987.74,Small
117,109,11,11,3724.42,Medium
118,4,11,11,1654.56,Small
119,9,12,58,3288.78,Medium
120,10,12,58,2354.88,Small
121,17,12,58,1801.24,Small
122,18,12,58,4818.15,Medium
123,19,12,58,4178.85,Medium
124,23,12,58,2253.68,Small
125,11,13,91,7209.11,Large
126,16,13,91,2539.89,Small
127,13,14,57,3415.44,Medium
128,14,14,57,4916.66,Medium
129,21,14,57,2490.5,Small
130,25,14,57,1575.96,Small
131,12,15,45,4305.28,Medium
132,30,15,45,4164.42,Medium
133,15,15,45,3090.15,Medium
134,31,15,45,8209.44,Large
135,20,15,45,4815.45,Medium
136,22,15,45,2925.09,Small
137,34,15,45,721.44,Small
138,24,15,45,3667.52,Medium
139,36,15,45,1560.44,Small
140,26,15,45,4758.18,Medium
141,28,16,20,5723.78,Medium
142,29,16,20,7381.16,Large
143,33,16,20,3259.92,Medium
144,35,16,20,5568.64,Medium
145,38,16,20,2843.91,Small
146,37,17,71,1711.26,Small
147,41,18,32,6034.38,Medium
148,27,18,32,5911.64,Medium
149,42,18,32,5938.14,Medium
150,43,18,32,3551.34,Medium
151,44,18,32,2011.8,Small
152,32,18,32,2780.58,Small
153,45,18,32,2240.66,Small
154,46,18,32,5189.78,Medium
155,39,18,32,1033.41,Small
156,50,18,32,3027.84,Medium
157,53,18,32,3753.9,Medium
158,54,18,32,2184.0,Small
159,52,19,33,4219.2,Medium
160,40,20,72,5004.8,Medium
161,55,20,72,6916.12,Medium
162,57,20,72,1878.66,Small
163,58,20,72,2687.04,Small
164,60,20,72,2443.6,Small
165,47,20,72,3066.7,Medium
166,61,20,72,1459.6,Small
167,48,20,72,3169.95,Medium
168,62,20,72,1968.12,Small
169,49,20,72,1916.75,Small
170,67,20,72,2730.06,Small
171,51,20,72,2499.26,Small
172,71,20,72,1539.72,Small
173,72,20,72,1348.76,Small
174,74,21,6,2793.86,Small
175,75,21,6,9264.86,Large
176,56,21,6,2082.49,Small
177,77,21,6,2674.9,Small
178,78,21,6,3431.75,Medium
179,59,21,6,4651.53,Medium
180,79,21,6,2848.86,Small
181,63,21,6,2479.21,Small
182,80,21,6,2461.36,Small
183,64,21,6,2094.67,Small
184,65,21,6,2480.38,Small
185,66,21,6,3863.87,Medium
186,68,21,6,2584.8,Small
187,69,21,6,3417.12,Medium
188,70,21,6,3268.0,Medium
189,73,22,68,2765.9,Small
190,76,22,68,8284.0,Large
191,90,22,68,2460.16,Small
192,95,22,68,2168.5,Small
193,96,22,68,3293.4,Medium
194,81,23,49,7599.9,Large
195,82,23,49,3693.34,Medium
196,83,23,49,2042.88,Small
197,84,23,49,2142.0,Small
198,97,23,49,5004.8,Medium
199,85,23,49,3112.34,Medium
200,98,23,49,4100.99,Medium
201,31,23,49,3598.5,Medium
202,86,23,49,1536.57,Small
203,87,23,49,2469.39,Small
204,88,23,49,1740.9,Small
205,89,23,49,3583.16,Medium
206,101,23,49,1207.44,Small
207,91,23,49,1707.14,Small
208,92,23,49,5494.97,Medium
209,93,23,49,2063.06,Small
210,94,23,49,1384.46,Small
211,102,24,4,3073.72,Medium
212,99,24,4,5161.2,Medium
213,100,24,4,5331.88,Medium
214,105,24,4,2993.5,Small
215,1,25,76,2856.0,Small
216,2,25,76,2262.96,Small
217,5,25,76,4431.84,Medium
218,3,25,76,3081.24,Medium
219,103,25,76,1327.79,Small
220,104,25,76,1713.8,Small
221,7,25,76,1702.8,Small
222,8,25,76,995.5,Small
223,106,25,76,2326.4,Small
224,107,25,76,2348.75,Small
225,108,25,76,4068.96,Medium
226,109,25,76,5203.0,Medium
227,4,25,76,1528.58,Small
228,9,25,6,3254.72,Medium
229,6,25,6,6483.46,Medium
230,11,26,25,7329.06,Large
231,12,26,25,3347.74,Medium
232,13,26,25,2439.57,Small
233,14,26,25,3857.0,Medium
234,10,26,25,2309.58,Small
235,15,26,25,2795.86,Small
236,16,26,25,2795.27,Small
237,17,26,25,3390.2,Medium
238,18,26,25,2921.7,Small
239,19,26,25,3128.92,Medium
240,20,26,25,7083.0,Large
241,21,26,25,2314.69,Small
242,22,26,25,3415.77,Medium
243,23,26,25,3576.12,Medium
244,24,26,25,4141.33,Medium
245,25,26,25,1630.2,Small
246,26,26,25,4597.2,Medium
247,41,27,60,11279.2,Large
248,27,27,60,7366.44,Large
249,42,27,60,8138.76,Large
250,28,27,60,2559.6,Small
251,29,27,60,7146.9,Large
252,30,27,60,6295.95,Medium
253,31,27,60,3837.24,Medium
254,32,27,60,3447.0,Medium
255,33,27,60,1213.8,Small
256,34,27,60,1489.41,Small
257,35,27,60,1939.8,Small
258,36,27,60,2337.75,Small
259,37,27,60,2054.36,Small
260,38,27,60,6176.42,Medium
261,39,27,60,3179.52,Medium
262,43,28,34,5544.02,Medium
263,44,28,34,4837.18,Medium
264,45,28,34,3962.88,Medium
265,50,28,34,3104.0,Medium
266,40,29,78,4398.24,Medium
267,46,29,78,6027.75,Medium
268,47,29,78,3883.11,Medium
269,48,29,78,3899.5,Medium
270,49,29,78,1860.0,Small
271,51,29,78,3838.05,Medium
272,52,29,78,3828.3,Medium
273,53,29,78,2562.3,Small
274,54,29,78,2079.04,Small
275,57,30,10,3853.6,Medium
276,58,30,10,3423.75,Medium
277,55,30,37,2781.66,Small
278,60,30,37,2349.9,Small
279,61,30,37,1716.22,Small
280,62,30,37,4094.5,Medium
281,67,30,37,1891.78,Small
282,68,30,37,4427.6,Medium
283,71,30,37,2213.38,Small
284,72,30,37,875.91,Small
285,56,31,34,3394.23,Medium
286,59,31,34,3858.1,Medium
287,63,31,34,3565.92,Medium
288,80,31,34,2642.01,Small
289,64,31,34,2797.9,Small
290,65,31,34,1355.13,Small
291,66,31,34,1863.36,Small
292,69,31,34,2691.09,Small
293,73,32,48,3884.34,Medium
294,74,32,48,3307.77,Medium
295,75,32,48,7023.98,Large
296,76,32,48,2711.2,Small
297,77,32,48,1853.4,Small
298,78,32,48,3273.9,Medium
299,79,32,48,3570.29,Medium
300,81,33,57,8008.56,Large
301,82,33,57,6031.68,Medium
302,83,33,57,1800.24,Small
303,84,33,57,2838.81,Small
304,85,33,57,3806.88,Medium
305,86,33,57,3510.0,Medium
306,87,33,57,5432.7,Medium
307,88,33,57,2266.2,Small
308,89,33,57,4705.18,Medium
309,90,33,57,1787.56,Small
310,101,33,57,717.4,Small
311,91,33,57,1785.51,Small
312,92,33,57,6336.07,Medium
313,93,33,57,2008.13,Small
314,94,33,57,1327.59,Small
315,95,33,57,2694.0,Small
316,96,33,57,4224.0,Medium
317,97,34,1,3644.75,Medium
318,98,34,1,5274.72,Medium
319,31,34,1,8331.61,Large
320,102,35,68,4380.2,Medium
321,99,35,68,4346.76,Medium
322,100,35,68,5124.3,Medium
323,105,35,68,1295.06,Small
324,9,36,77,3184.94,Medium
325,10,36,77,2113.37,Small
326,6,36,77,7956.46,Large
327,16,36,77,5545.76,Medium
328,17,36,77,1424.0,Small
329,18,36,77,1801.2,Small
330,19,36,77,3095.4,Medium
331,23,36,77,3276.13,Medium
332,11,37,81,7374.1,Large
333,12,37,81,3188.12,Medium
334,13,37,81,4829.8,Medium
335,14,37,81,4181.44,Medium
336,15,37,81,2851.54,Small
337,20,37,81,4601.2,Medium
338,21,37,81,1254.83,Small
339,22,37,81,5105.14,Medium
340,24,37,81,2829.58,Small
341,25,37,81,1701.28,Small
342,26,37,81,4114.8,Medium
343,28,38,79,2140.11,Small
344,29,38,79,5938.53,Medium
345,30,38,79,6287.66,Medium
346,31,38,79,4836.5,Medium
347,33,38,79,1086.6,Small
348,34,38,79,891.03,Small
349,35,38,79,3784.8,Medium
350,36,38,79,1103.76,Small
351,38,38,79,5500.44,Medium
352,41,39,57,8023.29,Large
353,27,39,57,4985.64,Medium
354,42,39,57,9470.94,Large
355,43,39,57,6034.33,Medium
356,44,39,57,2151.82,Small
357,32,39,57,3791.52,Medium
358,45,39,57,1685.28,Small
359,46,39,57,3366.0,Medium
360,47,39,57,4814.25,Medium
361,37,39,57,3131.94,Medium
362,39,39,57,2091.18,Small
363,49,39,57,2624.0,Small
364,50,39,57,3612.43,Medium
365,52,39,57,2334.99,Small
366,53,39,57,3245.58,Medium
367,54,39,57,1724.97,Small
368,40,40,56,5597.76,Medium
369,55,40,56,5248.0,Medium
370,57,40,56,3442.64,Medium
371,58,40,56,3455.76,Medium
372,60,40,56,1646.19,Small
373,61,40,56,2560.47,Small
374,48,40,56,1851.73,Small
375,62,40,56,1853.32,Small
376,65,40,56,1246.44,Small
377,66,40,56,3945.96,Medium
378,67,40,56,2612.48,Small
379,68,40,56,2152.02,Small
380,51,40,56,2643.99,Small
381,70,40,56,2688.0,Small
382,71,40,56,2919.58,Small
383,72,40,56,1874.05,Small
384,64,41,71,1637.2,Small
385,73,42,87,3746.7,Medium
386,74,42,87,5192.95,Medium
387,75,42,87,5176.38,Medium
388,76,42,87,8339.8,Large
389,56,42,87,2559.6,Small
390,77,42,87,1490.1,Small
391,78,42,87,4119.4,Medium
392,59,42,87,3501.6,Medium
393,79,42,87,3902.41,Medium
394,90,42,87,1645.65,Small
395,63,42,87,2797.41,Small
396,80,42,87,3098.7,Medium
397,94,42,87,1109.8,Small
398,95,42,87,3251.34,Medium
399,96,42,87,3091.68,Medium
400,69,42,87,2752.6,Small
401,88,43,37,3155.58,Medium
402,89,43,37,4444.54,Medium
403,81,44,23,9245.76,Large
404,82,44,23,3494.94,Medium
405,83,44,23,1340.64,Small
406,84,44,23,3230.37,Medium
407,85,44,23,2142.14,Small
408,86,44,23,3097.44,Medium
409,87,44,23,4405.22,Medium
410,101,44,23,1066.75,Small
411,91,44,23,2057.4,Small
412,92,44,23,2906.97,Small
413,93,44,23,2004.77,Small
414,97,45,3,2702.04,Small
415,102,45,3,5848.68,Medium
416,98,45,3,4232.0,Medium
417,99,45,3,3528.36,Medium
418,31,45,3,5418.88,Medium
419,100,45,3,3639.44,Medium
420,3,45,3,3598.22,Medium
421,103,45,3,2356.25,Small
422,104,45,3,1506.5,Small
423,105,45,3,2671.95,Small
424,106,45,3,1545.6,Small
425,107,45,3,4392.12,Medium
426,108,45,3,2282.22,Small
427,109,45,3,3469.5,Medium
428,9,46,75,5907.5,Medium
429,10,46,75,1746.6,Small
430,1,46,75,5375.4,Medium
431,2,46,75,1496.64,Small
432,5,46,75,4950.33,Medium
433,6,46,75,4230.62,Medium
434,19,46,75,3958.5,Medium
435,7,46,75,1194.84,Small
436,8,46,75,2414.72,Small
437,4,46,75,1013.48,Small
438,23,46,75,1811.4,Small
439,11,47,32,10993.5,Large
440,12,47,32,3191.2,Medium
441,13,47,32,4100.1,Medium
442,14,47,32,4641.0,Medium
443,16,47,32,4285.46,Medium
444,17,47,32,1499.1,Small
445,18,47,32,2804.36,Small
446,20,47,32,6467.02,Medium
447,21,47,32,1282.8,Small
448,25,47,32,2850.82,Small
449,26,47,32,2104.0,Small
450,28,48,65,3327.6,Medium
451,29,48,65,7110.91,Large
452,30,48,65,5412.54,Medium
453,15,48,65,2701.92,Small
454,31,48,65,3734.01,Medium
455,22,48,65,5098.8,Medium
456,34,48,65,1209.3,Small
457,24,48,65,3068.55,Medium
458,36,48,65,2617.85,Small
459,38,48,65,3220.1,Medium
460,32,49,7,4524.1,Medium
461,33,49,7,1632.75,Small
462,35,49,7,2802.09,Small
463,37,49,7,1681.35,Small
464,41,50,34,4904.0,Medium
465,27,50,34,5393.64,Medium
466,42,50,34,7036.89,Large
467,43,50,34,3641.57,Medium
468,44,50,34,2573.46,Small
469,45,50,34,1834.36,Small
470,46,50,34,5456.4,Medium
471,39,50,34,1779.71,Small
472,49,50,34,2780.81,Small
473,50,50,34,2711.88,Small
474,52,50,34,4407.5,Medium
475,53,50,34,2204.6,Small
476,54,50,34,3003.0,Medium
477,47,51,15,2826.27,Small
478,51,51,15,2315.88,Small
479,40,52,86,4526.08,Medium
480,55,52,86,6531.44,Medium
481,57,52,86,3482.16,Medium
482,58,52,86,3622.97,Medium
483,60,52,86,1670.26,Small
484,61,52,86,1900.26,Small
485,48,52,86,2513.41,Small
486,62,52,86,3392.84,Medium
487,67,52,86,2925.76,Small
488,68,52,86,2353.4,Small
489,70,52,86,3715.2,Medium
490,71,52,86,3778.28,Medium
491,72,52,86,1671.44,Small
492,65,53,34,820.4,Small
493,66,53,34,4954.08,Medium
494,79,54,12,1474.66,Small
495,73,54,24,5205.27,Medium
496,74,54,24,5016.83,Medium
497,75,54,24,4132.7,Medium
498,81,54,24,8296.35,Large
499,76,54,24,6238.84,Medium
500,83,54,24,1762.08,Small
501,77,54,24,2162.16,Small
502,86,54,24,1705.41,Small
503,87,54,24,3638.0,Medium
504,88,54,24,1357.86,Small
505,89,54,24,4618.88,Medium
506,78,54,24,5355.68,Medium
507,90,54,24,2169.18,Small
508,91,54,24,3490.0,Medium
509,93,54,24,1543.3,Small
510,94,54,24,1239.0,Small
511,95,54,24,2347.15,Small
512,96,54,24,2219.6,Small
513,82,55,51,5294.14,Medium
514,84,55,51,5182.0,Medium
515,85,55,51,3364.9,Medium
516,31,55,51,3996.4,Medium
517,101,55,51,1554.0,Small
518,92,55,51,4767.7,Medium
519,97,56,41,3764.88,Medium
520,102,56,41,6153.73,Medium
521,98,56,41,6145.44,Medium
522,99,56,41,3187.8,Medium
523,100,56,41,5544.0,Medium
524,103,56,41,2013.5,Small
525,104,56,41,2692.12,Small
526,105,56,41,1226.59,Small
527,106,56,41,2144.6,Small
528,107,56,41,2759.75,Small
529,108,56,41,1541.0,Small
530,109,56,41,3148.2,Medium
531,9,57,24,4389.12,Medium
532,10,57,24,2304.45,Small
533,1,57,24,5176.5,Medium
534,2,57,24,1879.74,Small
535,5,57,24,4299.7,Medium
536,6,57,24,7209.12,Large
537,3,57,24,3912.09,Medium
538,7,57,24,1007.14,Small
539,8,57,24,1560.47,Small
540,4,57,24,1442.26,Small
541,11,58,20,4860.24,Medium
542,16,58,20,3329.09,Medium
543,17,58,20,3358.08,Medium
544,18,58,20,4900.8,Medium
545,19,58,20,4991.44,Medium
546,23,58,20,3845.1,Medium
547,12,59,53,3536.82,Medium
548,13,59,53,6563.06,Medium
549,14,59,53,3570.12,Medium
550,20,59,53,5012.55,Medium
551,21,59,53,1345.75,Small
552,24,59,53,2634.96,Small
553,25,59,53,2692.06,Small
554,26,59,53,3195.27,Medium
555,41,60,32,8594.52,Large
556,27,60,32,4880.02,Medium
557,42,60,32,5559.03,Medium
558,28,60,32,6825.6,Medium
559,29,60,32,5032.95,Medium
560,30,60,32,5984.14,Medium
561,15,60,32,2204.1,Small
562,31,60,32,8754.69,Large
563,44,60,32,5344.5,Medium
564,32,60,32,3337.6,Medium
565,33,60,32,1734.0,Small
566,22,60,32,4661.76,Medium
567,34,60,32,859.14,Small
568,35,60,32,2384.64,Small
569,36,60,32,2207.52,Small
570,37,60,32,2351.36,Small
571,38,60,32,4556.16,Medium
572,39,60,32,2537.64,Small
573,43,59,35,6930.74,Medium
574,45,59,35,1916.98,Small
575,50,59,35,3013.97,Medium
576,40,61,74,5924.16,Medium
577,55,61,74,5763.72,Medium
578,57,61,74,3363.52,Medium
579,58,61,74,3599.58,Medium
580,46,61,74,3812.16,Medium
581,60,61,74,1467.48,Small
582,47,61,74,1593.2,Small
583,61,61,74,2019.84,Small
584,48,61,74,2431.94,Small
585,49,61,74,3239.62,Medium
586,67,61,74,2940.02,Small
587,51,61,74,3225.06,Medium
588,52,61,74,2812.8,Small
589,53,61,74,3003.0,Medium
590,72,61,74,1668.4,Small
591,54,61,74,1846.42,Small
592,73,62,81,3479.76,Medium
593,74,62,81,3660.93,Medium
594,75,62,81,4183.0,Medium
595,56,62,81,1490.16,Small
596,77,62,81,2814.28,Small
597,78,62,81,5747.5,Medium
598,59,62,81,6433.7,Medium
599,79,62,81,2186.89,Small
600,62,62,81,1971.54,Small
601,63,62,81,3756.0,Medium
602,80,62,81,3244.36,Medium
603,64,62,81,2281.91,Small
604,65,62,81,2492.64,Small
605,66,62,81,2762.2,Small
606,68,62,81,3431.39,Medium
607,69,62,81,4527.72,Medium
608,70,62,81,4608.0,Medium
609,71,62,81,3233.49,Medium
610,81,63,3,5019.9,Medium
611,76,63,3,4639.25,Medium
612,83,63,3,2298.24,Small
613,86,63,3,2264.32,Small
614,87,63,3,4444.92,Medium
615,88,63,3,2598.82,Small
616,89,63,3,4910.4,Medium
617,90,63,3,2816.18,Small
618,91,63,3,1707.14,Small
619,93,63,3,2269.92,Small
620,94,63,3,1035.58,Small
621,95,63,3,3920.88,Medium
622,96,63,3,3866.4,Medium
623,82,63,53,5464.69,Medium
624,84,63,53,4391.1,Medium
625,85,63,53,1262.8,Small
626,92,63,53,3819.56,Medium
627,97,64,67,4508.0,Medium
628,98,64,67,4680.2,Medium
629,31,64,67,5481.45,Medium
630,101,64,67,1277.64,Small
631,102,64,36,4965.24,Medium
632,99,64,36,6023.16,Medium
633,100,64,36,5493.12,Medium
634,104,64,36,2422.08,Small
635,105,64,36,1453.84,Small
636,106,64,36,1639.22,Small
637,108,64,36,1951.92,Small
638,109,64,36,2167.22,Small
639,9,64,69,5036.16,Medium
640,10,64,69,2122.08,Small
641,1,64,69,3508.8,Medium
642,2,64,69,1495.26,Small
643,5,64,69,4492.83,Medium
644,6,64,69,3452.68,Medium
645,17,64,69,1504.16,Small
646,18,64,69,2759.31,Small
647,19,64,69,2761.96,Small
648,3,64,69,1584.66,Small
649,103,64,69,2807.22,Small
650,7,64,69,977.43,Small
651,8,64,69,1112.94,Small
652,107,64,69,2728.03,Small
653,4,64,69,1163.05,Small
654,23,64,69,2571.14,Small
655,11,65,7,8014.82,Large
656,13,65,7,6817.22,Medium
657,14,65,7,4480.32,Medium
658,16,65,7,5592.22,Medium
659,21,65,7,2194.22,Small
660,12,65,78,5362.83,Medium
661,28,65,78,3543.28,Medium
662,30,65,78,5891.04,Medium
663,15,65,78,2840.48,Small
664,31,65,78,4419.89,Medium
665,20,65,78,5121.59,Medium
666,22,65,78,2969.96,Small
667,34,65,78,1151.44,Small
668,24,65,78,2436.72,Small
669,36,65,78,3165.5,Medium
670,25,65,78,2174.42,Small
671,26,65,78,3611.16,Medium
672,41,65,44,7474.5,Large
673,27,65,44,8378.69,Large
674,42,65,44,7872.5,Large
675,29,65,44,3667.6,Medium
676,32,65,44,5532.12,Medium
677,33,65,44,1857.06,Small
678,35,65,44,2915.66,Small
679,37,65,44,1408.0,Small
680,38,65,44,3114.89,Medium
681,39,65,44,2448.72,Small
682,43,66,16,3675.63,Medium
683,44,66,16,3070.52,Medium
684,45,66,16,2611.0,Small
685,46,66,16,6083.0,Medium
686,47,66,16,3266.1,Medium
687,49,66,16,1824.0,Small
688,50,66,16,2738.54,Small
689,51,66,16,2451.84,Small
690,52,66,16,4055.04,Medium
691,53,66,16,2526.48,Small
692,54,66,16,2009.2,Small
693,40,67,1,3492.48,Medium
694,55,67,1,6490.68,Medium
695,57,67,1,3350.52,Medium
696,58,67,1,5386.56,Medium
697,60,67,1,2748.56,Small
698,61,67,1,1988.28,Small
699,48,67,1,1514.52,Small
700,62,67,1,2169.9,Small
701,67,67,1,3293.24,Medium
702,68,67,1,1930.5,Small
703,71,67,1,3431.25,Medium
704,72,67,1,2301.75,Small
705,73,68,27,2497.77,Small
706,74,68,27,4695.6,Medium
707,75,68,27,8892.9,Large
708,76,68,27,6747.6,Medium
709,77,68,27,1605.0,Small
710,88,68,27,1057.56,Small
711,89,68,27,5565.12,Medium
712,78,68,27,5355.36,Medium
713,79,68,27,1919.4,Small
714,90,68,27,2521.05,Small
715,93,68,27,1991.92,Small
716,94,68,27,1545.64,Small
717,95,68,27,2514.6,Small
718,96,68,27,1964.76,Small
719,81,69,42,5411.07,Medium
720,82,69,42,2860.76,Small
721,83,69,42,1628.0,Small
722,84,69,42,4477.32,Medium
723,97,69,42,5418.16,Medium
724,102,69,42,5435.64,Medium
725,85,69,42,1626.24,Small
726,98,69,42,3286.08,Medium
727,99,69,42,3884.76,Medium
728,31,69,42,6324.75,Medium
729,86,69,42,2484.6,Small
730,87,69,42,3395.48,Medium
731,100,69,42,5785.26,Medium
732,105,69,42,1830.22,Small
733,101,69,42,1578.79,Small
734,91,69,42,1506.96,Small
735,92,69,42,3861.75,Medium
736,9,69,57,2183.25,Small
737,10,69,57,1742.4,Small
738,1,69,57,7554.8,Large
739,2,69,57,2323.7,Small
740,5,69,57,2212.0,Small
741,6,69,57,3047.73,Medium
742,19,69,57,2848.23,Small
743,3,69,57,3942.72,Medium
744,103,69,57,3072.96,Medium
745,104,69,57,3488.34,Medium
746,7,69,57,1436.76,Small
747,8,69,57,1138.94,Small
748,106,69,57,2649.6,Small
749,107,69,57,2395.8,Small
750,108,69,57,3107.61,Medium
751,109,69,57,6244.07,Medium
752,4,69,57,971.98,Small
753,11,70,19,5372.57,Medium
754,12,70,19,3433.36,Medium
755,13,70,19,6163.94,Medium
756,14,70,19,2033.64,Small
757,16,70,19,3298.55,Medium
758,17,70,19,2655.12,Small
759,18,70,19,2488.2,Small
760,20,70,19,2441.04,Small
761,21,70,19,1972.0,Small
762,23,70,19,5035.11,Medium
763,25,70,19,3167.36,Medium
764,26,70,19,2000.77,Small
765,28,71,43,4516.22,Medium
766,29,71,43,7381.16,Large
767,30,71,43,5984.14,Medium
768,15,71,43,2647.04,Small
769,31,71,43,4409.72,Medium
770,33,71,43,1863.41,Small
771,22,71,43,3496.32,Medium
772,34,71,43,1336.44,Small
773,35,71,43,5795.72,Medium
774,24,71,43,4607.36,Medium
775,36,71,43,2071.41,Small
776,37,71,43,2445.6,Small
777,38,71,43,4948.2,Medium
778,41,71,56,3883.74,Medium
779,27,71,56,4038.21,Medium
780,42,71,56,7886.2,Large
781,43,71,56,3442.04,Medium
782,44,71,56,3952.83,Medium
783,32,71,56,5096.91,Medium
784,45,71,56,3630.28,Medium
785,46,71,56,3170.7,Medium
786,47,71,56,2453.55,Small
787,39,71,56,972.4,Small
788,49,71,56,1134.0,Small
789,50,71,56,2832.0,Small
790,51,71,56,2254.98,Small
791,52,71,56,3891.66,Medium
792,53,71,56,1747.9,Small
793,54,71,56,1804.04,Small
794,40,71,31,3854.24,Medium
795,55,71,31,6004.8,Medium
796,57,71,31,2862.72,Small
797,58,71,31,4918.78,Medium
798,60,71,31,1522.4,Small
799,61,71,31,1449.84,Small
800,48,71,31,3079.44,Medium
801,67,71,31,2389.68,Small
802,72,71,31,1459.92,Small
803,73,72,42,5512.32,Medium
804,74,72,42,3660.92,Medium
805,75,72,42,8714.7,Large
806,77,72,42,2093.44,Small
807,78,72,42,2535.75,Small
808,79,72,42,3656.0,Medium
809,80,72,42,4351.16,Medium
810,69,72,42,3957.05,Medium
811,76,72,87,4512.48,Medium
812,90,73,34,3199.98,Medium
813,94,73,34,1517.54,Small
814,95,73,34,3600.24,Medium
815,96,73,34,2668.8,Small
816,81,74,85,3840.9,Medium
817,82,74,85,5590.0,Medium
818,83,74,85,1939.2,Small
819,86,74,85,3415.68,Medium
820,87,74,85,3414.58,Medium
821,88,74,85,3127.82,Medium
822,89,74,85,4237.76,Medium
823,91,74,85,2880.48,Small
824,93,74,85,2916.76,Small
825,84,74,62,3544.56,Medium
826,97,74,62,3300.66,Medium
827,102,74,62,4258.36,Medium
828,85,74,62,4088.7,Medium
829,98,74,62,7421.3,Large
830,99,74,62,4965.84,Medium
831,31,74,62,3918.46,Medium
832,100,74,62,5340.6,Medium
833,104,74,62,2583.34,Small
834,105,74,62,2530.01,Small
835,106,74,62,3845.6,Medium
836,107,74,62,3052.33,Medium
837,101,74,62,917.7,Small
838,108,74,62,2328.64,Small
839,109,74,62,5566.0,Medium
840,92,74,62,6319.35,Medium
841,9,75,5,3106.88,Medium
842,10,75,5,2455.02,Small
843,1,75,5,3141.6,Medium
844,2,75,5,2491.86,Small
845,5,75,5,4642.88,Medium
846,6,75,5,3675.32,Medium
847,16,75,5,2609.88,Small
848,17,75,5,1244.16,Small
849,18,75,5,2769.89,Small
850,19,75,5,2539.84,Small
851,3,75,5,2341.2,Small
852,103,75,5,1906.5,Small
853,7,75,5,759.46,Small
854,8,75,5,1012.4,Small
855,4,75,5,902.66,Small
856,23,75,5,2279.0,Small
857,11,76,73,7290.36,Large
858,12,76,73,4263.74,Medium
859,13,76,73,4933.92,Medium
860,14,76,73,1960.14,Small
861,15,76,73,3172.05,Medium
862,20,76,73,4262.08,Medium
863,21,76,73,1835.98,Small
864,22,76,73,5760.93,Medium
865,24,76,73,3598.99,Medium
866,25,76,73,2142.66,Small
867,26,76,73,2314.26,Small
868,28,76,55,6445.46,Medium
869,29,76,55,5128.11,Medium
870,30,76,55,3608.15,Medium
871,31,76,55,7620.5,Large
872,33,76,55,2924.68,Small
873,34,76,55,905.28,Small
874,35,76,55,3699.88,Medium
875,36,76,55,1385.28,Small
876,37,76,55,1804.44,Small
877,38,76,55,5161.17,Medium
878,41,77,80,8887.7,Large
879,27,77,80,3807.12,Medium
880,42,77,80,7232.16,Large
881,43,77,80,6893.81,Medium
882,44,77,80,3564.75,Medium
883,32,77,80,4537.08,Medium
884,39,77,80,2856.14,Small
885,50,77,80,4720.0,Medium
886,40,77,33,5324.4,Medium
887,57,77,33,4036.04,Medium
888,58,77,33,2538.8,Small
889,45,77,33,5090.5,Medium
890,46,77,33,4534.6,Medium
891,47,77,33,3910.4,Medium
892,48,77,33,1900.36,Small
893,49,77,33,1487.41,Small
894,67,77,33,2172.48,Small
895,51,77,33,3939.5,Medium
896,52,77,33,2488.32,Small
897,53,77,33,3267.25,Medium
898,72,77,33,1209.59,Small
899,54,77,33,2109.66,Small
900,55,78,26,7483.98,Large
901,60,78,26,3255.36,Medium
902,61,78,26,1935.09,Small
903,62,78,26,2846.17,Small
904,68,78,26,4774.56,Medium
905,71,78,26,2546.8,Small
906,65,79,92,1113.6,Small
907,66,79,92,3989.76,Medium
908,70,79,92,3131.2,Medium
909,73,79,58,2168.54,Small
910,74,79,58,3025.92,Medium
911,75,79,58,8065.89,Large
912,76,79,58,4029.0,Medium
913,77,79,58,1944.3,Small
914,78,79,58,4351.23,Medium
915,79,79,58,1847.0,Small
916,81,80,34,3930.4,Medium
917,82,80,34,2254.8,Small
918,83,80,34,3651.56,Medium
919,84,80,34,5195.85,Medium
920,85,80,34,3846.15,Medium
921,31,80,34,8291.04,Large
922,86,80,34,2839.32,Small
923,87,80,34,5127.04,Medium
924,101,80,34,777.0,Small
925,91,80,34,2206.6,Small
926,92,80,34,6996.42,Medium
927,97,80,60,6182.4,Medium
928,102,80,60,4032.0,Medium
929,1,80,60,5890.5,Medium
930,98,80,60,6432.64,Medium
931,2,80,60,1643.12,Small
932,5,80,60,3206.32,Medium
933,99,80,60,4169.88,Medium
934,100,80,60,5735.8,Medium
935,3,80,60,2482.11,Small
936,103,80,60,3431.7,Medium
937,104,80,60,1249.4,Small
938,105,80,60,2241.45,Small
939,106,80,60,4527.04,Medium
940,107,80,60,4242.0,Medium
941,108,80,60,3184.8,Medium
942,109,80,60,4368.96,Medium
943,4,80,60,1295.97,Small
944,9,81,34,3735.72,Medium
945,10,81,34,3053.28,Medium
946,6,81,34,7492.4,Large
947,7,81,34,1189.44,Small
948,8,81,34,913.92,Small
949,11,82,18,9064.89,Large
950,13,82,18,4056.36,Medium
951,14,82,18,3966.78,Medium
952,16,82,18,3336.29,Medium
953,17,82,18,1888.88,Small
954,18,82,18,3581.4,Medium
955,19,82,18,2444.4,Small
956,21,82,18,1119.93,Small
957,23,82,18,3213.87,Medium
958,25,82,18,2117.52,Small
959,26,82,18,3871.89,Medium
960,12,83,30,4076.19,Medium
961,28,83,30,3384.36,Medium
962,29,83,30,7060.24,Large
963,30,83,30,5752.54,Medium
964,15,83,30,2585.93,Small
965,31,83,30,3937.25,Medium
966,32,83,30,6146.8,Medium
967,20,83,30,6658.02,Medium
968,33,83,30,2294.18,Small
969,22,83,30,6819.04,Medium
970,34,83,30,1247.4,Small
971,35,83,30,2980.6,Small
972,24,83,30,3964.1,Medium
973,36,83,30,1621.62,Small
974,37,83,30,2544.75,Small
975,38,83,30,2657.76,Small
976,41,84,73,8602.92,Large
977,27,84,73,3142.36,Medium
978,42,84,73,3114.4,Medium
979,43,84,73,2622.48,Small
980,44,84,73,5614.56,Medium
981,45,84,73,3949.65,Medium
982,46,84,73,4301.15,Medium
983,47,84,73,1788.0,Small
984,39,84,73,1968.3,Small
985,49,84,73,2837.46,Small
986,50,84,73,3222.0,Medium
987,51,84,73,3424.7,Medium
988,52,84,73,4447.4,Medium
989,53,84,73,2818.53,Small
990,54,84,73,2682.96,Small
991,40,85,51,5197.92,Medium
992,57,85,51,2817.92,Small
993,58,85,51,2498.6,Small
994,60,85,51,3535.03,Medium
995,61,85,51,2793.24,Small
996,48,85,51,1974.06,Small
997,67,85,51,2927.43,Small
998,72,85,51,2145.12,Small
999,74,86,64,3009.09,Medium
1000,75,86,64,6123.4,Medium
1001,55,86,64,5719.5,Medium
1002,56,86,64,3844.0,Medium
1003,77,86,64,1986.8,Small
1004,59,86,64,2658.96,Small
1005,79,86,64,1851.0,Small
1006,62,86,64,2018.4,Small
1007,63,86,64,2840.0,Small
1008,80,86,64,3675.86,Medium
1009,64,86,64,2307.24,Small
1010,65,86,64,1763.86,Small
1011,66,86,64,1649.55,Small
1012,68,86,64,2592.72,Small
1013,69,86,64,2818.0,Small
1014,70,86,64,2678.4,Small
1015,71,86,64,2953.86,Small
1016,73,87,9,4708.44,Medium
1017,81,87,9,7498.9,Large
1018,76,87,9,4771.8,Medium
1019,83,87,9,2591.96,Small
1020,86,87,9,2730.0,Small
1021,87,87,9,3745.28,Medium
1022,88,87,9,2488.14,Small
1023,89,87,9,5673.58,Medium
1024,78,87,9,2254.0,Small
1025,90,87,9,1338.12,Small
1026,91,87,9,2351.04,Small
1027,93,87,9,2027.52,Small
1028,94,87,9,1731.84,Small
1029,95,87,9,4040.03,Medium
1030,96,87,9,3222.0,Medium
1031,82,88,34,4946.76,Medium
1032,84,88,34,4180.44,Medium
1033,97,88,34,4186.73,Medium
1034,102,88,34,4492.36,Medium
1035,85,88,34,1339.8,Small
1036,98,88,34,4840.87,Medium
1037,99,88,34,4910.4,Medium
1038,31,88,34,5554.4,Medium
1039,100,88,34,6357.6,Medium
1040,104,88,34,3374.71,Medium
1041,105,88,34,2399.85,Small
1042,106,88,34,3966.3,Medium
1043,101,88,34,1476.28,Small
1044,108,88,34,2149.74,Small
1045,109,88,34,4039.26,Medium
1046,92,88,34,6949.67,Medium
1047,3,89,31,3602.02,Medium
1048,103,89,31,2084.75,Small
1049,107,89,31,2790.45,Small
1050,1,90,25,5967.0,Medium
1051,2,90,25,1322.16,Small
1052,5,90,25,3604.23,Medium
1053,6,90,25,9534.5,Large
1054,7,90,25,683.8,Small
1055,8,90,25,2349.06,Small
1056,4,90,25,1534.72,Small
1057,11,91,92,6075.3,Medium
1058,14,91,92,5152.0,Medium
1059,9,91,92,2413.26,Small
1060,10,91,92,1423.29,Small
1061,16,91,92,5510.05,Medium
1062,17,91,92,1820.01,Small
1063,18,91,92,5285.14,Medium
1064,19,91,92,4555.92,Medium
1065,21,91,92,2082.88,Small
1066,23,91,92,3532.23,Medium
1067,13,92,8,5759.42,Medium
1068,12,93,40,7020.48,Large
1069,15,93,40,2148.3,Small
1070,20,93,40,4509.08,Medium
1071,22,93,40,3148.88,Medium
1072,24,93,40,2244.9,Small
1073,25,93,40,2419.95,Small
1074,26,93,40,2728.0,Small
1075,28,94,75,4891.68,Medium
1076,29,94,75,8448.64,Large
1077,34,94,75,846.51,Small
1078,36,94,75,1931.65,Small
1079,41,95,21,7181.44,Large
1080,27,95,21,4713.6,Medium
1081,42,95,21,5045.22,Medium
1082,32,95,21,8258.0,Large
1083,33,95,21,1457.82,Small
1084,35,95,21,5032.74,Medium
1085,37,95,21,1056.4,Small
1086,38,95,21,3983.05,Medium
1087,39,95,21,2056.2,Small
1088,43,96,66,4417.38,Medium
1089,44,96,66,1855.41,Small
1090,45,96,66,3491.67,Medium
1091,46,96,66,6804.63,Medium
1092,50,96,66,2231.0,Small
1093,40,97,22,5997.6,Medium
1094,55,97,22,6954.08,Medium
1095,57,97,22,4636.38,Medium
1096,58,97,22,3858.75,Medium
1097,60,97,22,2608.96,Small
1098,47,97,22,3328.07,Medium
1099,61,97,22,3025.05,Medium
1100,48,97,22,3703.46,Medium
1101,62,97,22,2718.72,Small
1102,49,97,22,1942.77,Small
1103,67,97,22,2659.54,Small
1104,68,97,22,3246.75,Medium
1105,51,97,22,2914.2,Small
1106,52,97,22,4187.22,Medium
1107,53,97,22,2955.54,Small
1108,71,97,22,3183.29,Medium
1109,72,97,22,1416.39,Small
1110,54,97,22,2280.24,Small
1111,73,98,6,3965.66,Medium
1112,74,98,6,5422.39,Medium
1113,75,98,6,9774.03,Large
1114,56,98,6,4724.91,Medium
1115,77,98,6,1695.96,Small
1116,78,98,6,2921.28,Small
1117,59,98,6,3608.76,Medium
1118,79,98,6,2633.78,Small
1119,63,98,6,1716.26,Small
1120,80,98,6,2475.27,Small
1121,64,98,6,1320.8,Small
1122,65,98,6,1896.66,Small
1123,66,98,6,2534.75,Small
1124,69,98,6,3199.86,Medium
1125,70,98,6,1747.2,Small
1126,76,99,27,6087.94,Medium
1127,88,99,27,2220.72,Small
1128,90,99,27,2972.58,Small
1129,94,99,27,1695.49,Small
1130,95,99,27,3336.9,Medium
1131,96,99,27,3864.5,Medium
1132,81,100,89,4517.91,Medium
1133,82,100,89,2495.5,Small
1134,83,100,89,2864.17,Small
1135,84,100,89,2684.43,Small
1136,97,100,89,4529.28,Medium
1137,85,100,89,3039.96,Medium
1138,31,100,89,6407.86,Medium
1139,86,100,89,3540.53,Medium
1140,87,100,89,4564.08,Medium
1141,89,100,89,5260.15,Medium
1142,101,100,89,1538.46,Small
1143,91,100,89,1205.04,Small
1144,92,100,89,4550.0,Medium
1145,93,100,89,3235.18,Medium
1146,102,101,22,4161.38,Medium
1147,98,101,22,3892.08,Medium
1148,99,101,22,3231.36,Medium
1149,100,101,22,7343.9,Large
1150,104,101,22,1265.46,Small
1151,105,101,22,1557.72,Small
1152,109,101,22,4420.32,Medium
1153,9,102,73,2953.75,Small
1154,10,102,73,1504.12,Small
1155,1,102,73,3712.8,Medium
1156,2,102,73,1423.8,Small
1157,5,102,73,7017.76,Large
1158,6,102,73,5579.02,Medium
1159,19,102,73,3666.96,Medium
1160,3,102,73,3566.94,Medium
1161,103,102,73,2136.01,Small
1162,7,102,73,1226.82,Small
1163,8,102,73,1161.12,Small
1164,106,102,73,4142.58,Medium
1165,107,102,73,4340.49,Medium
1166,108,102,73,3184.8,Medium
1167,4,102,73,1185.3,Small
1168,11,103,17,6463.23,Medium
1169,14,103,17,3360.0,Medium
1170,16,103,17,2504.4,Small
1171,17,103,17,2866.95,Small
1172,18,103,17,3181.53,Medium
1173,23,103,17,3406.59,Medium
1174,12,104,57,6426.5,Medium
1175,13,104,57,3451.0,Medium
1176,28,104,57,4521.96,Medium
1177,30,104,57,3765.32,Medium
1178,15,104,57,1667.4,Small
1179,31,104,57,4172.52,Medium
1180,20,104,57,4716.23,Medium
1181,21,104,57,1569.75,Small
1182,22,104,57,5704.32,Medium
1183,34,104,57,1085.04,Small
1184,24,104,57,2793.0,Small
1185,36,104,57,1244.53,Small
1186,25,104,57,2191.2,Small
1187,26,104,57,5614.0,Medium
1188,27,105,14,7016.31,Large
1189,29,105,14,7300.51,Large
1190,32,105,14,7238.28,Large
1191,33,105,14,1955.88,Small
1192,35,105,14,4737.15,Medium
1193,37,105,14,2801.4,Small
1194,38,105,14,3974.94,Medium
1195,39,105,14,2242.02,Small
1196,41,106,16,8378.58,Large
1197,42,106,16,6952.12,Medium
1198,43,107,39,3606.02,Medium
1199,44,107,39,4598.4,Medium
1200,45,107,39,2059.19,Small
1201,46,107,39,5652.94,Medium
1202,50,107,39,2296.84,Small
1203,52,107,39,4615.68,Medium
1204,53,107,39,2885.05,Small
1205,54,107,39,1192.56,Small
1206,47,108,82,3788.4,Medium
1207,49,108,82,2544.12,Small
1208,51,108,82,2389.6,Small
1209,56,109,70,1824.72,Small
1210,59,109,70,2214.67,Small
1211,62,109,70,1981.65,Small
1212,63,109,70,3245.6,Medium
1213,80,109,70,4177.49,Medium
1214,64,109,70,2642.82,Small
1215,65,109,70,1449.35,Small
1216,66,109,70,2580.25,Small
1217,68,109,70,3372.5,Medium
1218,69,109,70,2402.75,Small
1219,70,109,70,2944.0,Small
1220,71,109,70,2466.7,Small
1221,74,110,59,2852.08,Small
1222,77,110,59,1281.56,Small
1223,79,110,59,3153.6,Medium
1224,73,111,90,2333.12,Small
1225,75,111,90,7023.9,Large
1226,76,111,90,4193.28,Medium
1227,88,111,90,1357.72,Small
1228,78,111,90,2299.0,Small
1229,90,111,90,2070.9,Small
1230,94,111,90,1045.98,Small
1231,95,111,90,3113.64,Medium
1232,96,111,90,1366.8,Small
1233,81,112,28,5774.72,Medium
1234,82,112,28,3167.38,Medium
1235,83,112,28,1484.2,Small
1236,86,112,28,2999.97,Small
1237,87,112,28,6554.24,Medium
1238,89,112,28,6350.96,Medium
1239,91,112,28,2935.15,Small
1240,93,112,28,2062.94,Small
1241,84,113,65,1958.88,Small
1242,85,113,65,3400.32,Medium
1243,31,113,65,7083.37,Large
1244,101,113,65,891.2,Small
1245,92,113,65,4479.63,Medium
1246,97,114,64,5628.89,Medium
1247,98,114,64,5526.32,Medium
1248,100,114,64,5959.22,Medium
1249,102,114,54,2508.66,Small
1250,1,114,54,7597.3,Large
1251,2,114,54,2397.45,Small
1252,99,114,54,6853.44,Medium
1253,3,114,54,3787.98,Medium
1254,103,114,54,2009.7,Small
1255,104,114,54,1681.46,Small
1256,105,114,54,845.25,Small
1257,106,114,54,4441.5,Medium
1258,107,114,54,2762.2,Small
1259,108,114,54,2114.58,Small
1260,109,114,54,2341.71,Small
1261,4,115,52,1698.78,Small
1262,5,116,30,6154.18,Medium
1263,7,116,30,974.82,Small
1264,9,117,34,4684.8,Medium
1265,10,117,34,1164.4,Small
1266,6,117,34,5950.34,Medium
1267,16,117,34,3525.6,Medium
1268,17,117,34,1394.16,Small
1269,18,117,34,3340.51,Medium
1270,19,117,34,3035.88,Medium
1271,8,117,34,1764.75,Small
1272,23,117,34,3467.2,Medium
1273,11,118,80,6120.34,Medium
1274,12,118,80,4591.72,Medium
1275,13,118,80,5920.4,Medium
1276,14,118,80,3451.0,Medium
1277,20,118,80,2390.22,Small
1278,21,118,80,2694.15,Small
1279,24,118,80,4133.64,Medium
1280,25,118,80,3043.04,Medium
1281,26,118,80,4628.8,Medium
1282,28,119,34,5069.66,Medium
1283,29,119,34,6549.2,Medium
1284,30,119,34,2159.96,Small
1285,15,119,34,1859.7,Small
1286,31,119,34,7132.68,Large
1287,33,119,34,2314.4,Small
1288,22,119,34,3520.6,Medium
1289,34,119,34,1767.43,Small
1290,35,119,34,6311.2,Medium
1291,36,119,34,1704.5,Small
1292,38,119,34,2928.42,Small
1293,41,119,79,10606.2,Large
1294,27,119,79,4381.25,Medium
1295,42,119,79,4157.73,Medium
1296,32,119,79,6756.0,Medium
1297,37,119,79,1988.4,Small
1298,39,119,79,3128.65,Medium
1299,40,120,47,2910.4,Small
1300,57,120,47,1553.58,Small
1301,43,120,47,3802.56,Medium
1302,44,120,47,5082.42,Medium
1303,45,120,47,3170.16,Medium
1304,46,120,47,6960.48,Medium
1305,47,120,47,3053.7,Medium
1306,48,120,47,1755.13,Small
1307,49,120,47,2568.24,Small
1308,50,120,47,4157.2,Medium
1309,51,120,47,2428.48,Small
1310,52,120,47,3245.4,Medium
1311,53,120,47,3162.95,Medium
1312,54,120,47,1506.96,Small
1313,58,121,17,5600.5,Medium
1314,60,121,17,1356.4,Small
1315,61,121,17,1742.5,Small
1316,67,121,17,3838.0,Medium
1317,72,121,17,1843.52,Small
1318,55,122,83,8160.3,Large
1319,56,122,83,2668.68,Small
1320,59,122,83,2747.53,Small
1321,79,122,83,2803.2,Small
1322,62,122,83,3002.4,Medium
1323,63,122,83,2760.94,Small
1324,80,122,83,3282.28,Medium
1325,64,122,83,3061.0,Medium
1326,65,122,83,1869.48,Small
1327,66,122,83,2831.54,Small
1328,68,122,83,3909.15,Medium
1329,69,122,83,6055.72,Medium
1330,70,122,83,2956.8,Small
1331,71,122,83,2363.22,Small
1332,73,123,82,3188.64,Medium
1333,74,123,82,5756.52,Medium
1334,75,123,82,7078.23,Large
1335,76,123,82,7552.28,Large
1336,77,123,82,1774.22,Small
1337,78,123,82,2637.18,Small
1338,86,124,9,1527.8,Small
1339,87,124,9,6749.83,Medium
1340,88,124,9,1638.04,Small
1341,89,124,9,3559.4,Medium
1342,90,124,9,3092.6,Medium
1343,93,124,9,3317.78,Medium
1344,94,124,9,1738.08,Small
1345,95,124,9,2832.0,Small
1346,96,124,9,3475.68,Medium
1347,81,125,88,3922.56,Medium
1348,82,125,88,2402.84,Small
1349,83,125,88,2254.25,Small
1350,84,125,88,4910.57,Medium
1351,97,125,88,3054.48,Medium
1352,102,125,88,3374.88,Medium
1353,85,125,88,1930.39,Small
1354,98,125,88,4459.62,Medium
1355,99,125,88,5177.04,Medium
1356,31,125,88,6773.6,Medium
1357,100,125,88,4029.38,Medium
1358,101,125,88,1706.8,Small
1359,91,125,88,1263.84,Small
1360,92,125,88,5148.0,Medium
1361,6,126,54,3726.0,Medium
1362,8,126,54,1690.9,Small
1363,9,127,28,3248.7,Medium
1364,10,127,28,1500.75,Small
1365,16,128,83,4407.0,Medium
1366,17,128,83,2632.28,Small
1367,18,128,83,3138.34,Medium
1368,19,128,83,2321.54,Small
1369,23,128,83,3628.94,Medium
1370,11,129,84,7680.64,Large
1371,13,129,84,6668.24,Medium
1372,14,129,84,5453.0,Medium
1373,21,129,84,1257.27,Small
1374,25,129,84,1228.2,Small
1375,26,129,84,3641.4,Medium
1376,12,129,40,4033.38,Medium
1377,28,129,40,6541.2,Medium
1378,29,129,40,5697.9,Medium
1379,30,129,40,3379.94,Medium
1380,15,129,40,1476.6,Small
1381,31,129,40,3657.69,Medium
1382,20,129,40,4666.62,Medium
1383,33,129,40,1310.96,Small
1384,22,129,40,5285.62,Medium
1385,34,129,40,1030.44,Small
1386,24,129,40,3900.6,Medium
1387,36,129,40,1753.2,Small
1388,38,129,40,3054.57,Medium
1389,40,130,67,3378.24,Medium
1390,45,130,67,1790.6,Small
1391,46,130,67,4512.6,Medium
1392,47,130,67,2005.74,Small
1393,49,130,67,2108.0,Small
1394,51,130,67,3021.48,Medium
1395,52,130,67,2203.75,Small
1396,53,130,67,4071.5,Medium
1397,54,130,67,1472.62,Small
1398,55,131,34,6567.96,Medium
1399,57,131,34,2697.6,Small
1400,58,131,34,4103.46,Medium
1401,59,131,34,3310.92,Medium
1402,60,131,34,1611.36,Small
1403,61,131,34,3236.1,Medium
1404,48,131,34,4273.29,Medium
1405,62,131,34,2948.16,Small
1406,64,131,34,3164.4,Medium
1407,65,131,34,1860.53,Small
1408,66,131,34,3361.2,Medium
1409,67,131,34,4142.16,Medium
1410,68,131,34,2994.75,Small
1411,70,131,34,2052.0,Small
1412,71,131,34,2487.45,Small
1413,72,131,34,1199.31,Small
1414,73,132,36,3676.76,Medium
1415,74,132,36,4472.0,Medium
1416,75,132,36,8336.94,Large
1417,76,132,36,6434.4,Medium
1418,56,132,36,2843.61,Small
1419,77,132,36,1997.5,Small
1420,78,132,36,4307.52,Medium
1421,79,132,36,2311.02,Small
1422,63,132,36,1808.4,Small
1423,80,132,36,2477.21,Small
1424,69,132,36,5465.16,Medium
1425,88,133,38,2626.08,Small
1426,89,133,38,2410.6,Small
1427,90,133,38,2408.7,Small
1428,93,133,38,3913.69,Medium
1429,94,133,38,651.8,Small
1430,95,133,38,3330.98,Medium
1431,96,133,38,4206.5,Medium
1432,86,134,5,3907.8,Medium
1433,87,134,5,8427.02,Large
1434,81,135,44,9160.36,Large
1435,82,135,44,2454.54,Small
1436,83,135,44,2681.35,Small
1437,84,135,44,4468.4,Medium
1438,97,135,44,2526.51,Small
1439,102,135,44,5196.6,Medium
1440,85,135,44,2464.77,Small
1441,98,135,44,6203.4,Medium
1442,99,135,44,2824.8,Small
1443,31,135,44,4812.55,Medium
1444,100,135,44,5035.14,Medium
1445,105,135,44,1352.4,Small
1446,101,135,44,1373.6,Small
1447,91,135,44,2935.15,Small
1448,92,135,44,2932.08,Small
1449,103,136,60,2719.8,Small
1450,104,136,60,3204.0,Medium
1451,106,136,60,3315.12,Medium
1452,107,136,60,4645.72,Medium
1453,108,136,60,4256.56,Medium
1454,109,136,60,5110.98,Medium
1455,17,137,72,2018.56,Small
1456,23,137,72,4674.72,Medium
1457,11,138,77,4905.39,Medium
1458,12,138,77,4302.08,Medium
1459,13,138,77,4094.72,Medium
1460,14,138,77,4164.12,Medium
1461,16,138,77,2983.44,Small
1462,18,138,77,4775.08,Medium
1463,20,138,77,5383.08,Medium
1464,21,138,77,2567.84,Small
1465,24,138,77,2743.04,Small
1466,25,138,77,1330.35,Small
1467,26,138,77,4048.0,Medium
1468,28,139,57,3012.27,Medium
1469,29,139,57,9169.0,Large
1470,30,139,57,5093.5,Medium
1471,15,139,57,1732.0,Small
1472,31,139,57,3928.6,Medium
1473,33,139,57,2913.3,Small
1474,22,139,57,5605.05,Medium
1475,34,139,57,1585.36,Small
1476,35,139,57,3070.54,Medium
1477,36,139,57,1666.7,Small
1478,38,139,57,3345.26,Medium
1479,41,139,29,5818.4,Medium
1480,27,139,29,4283.01,Medium
1481,42,139,29,7962.24,Large
1482,32,139,29,3734.0,Medium
1483,37,139,29,2908.35,Small
1484,39,139,29,2443.26,Small
1485,40,140,66,3508.8,Medium
1486,57,140,66,3334.04,Medium
1487,43,140,66,5026.4,Medium
1488,44,140,66,5450.59,Medium
1489,58,140,66,4287.5,Medium
1490,45,140,66,2345.97,Small
1491,46,140,66,2784.76,Small
1492,47,140,66,2796.12,Small
1493,48,140,66,3984.96,Medium
1494,49,140,66,1372.14,Small
1495,50,140,66,2146.2,Small
1496,51,140,66,2610.72,Small
1497,52,140,66,3446.0,Medium
1498,53,140,66,2969.46,Small
1499,54,140,66,1696.82,Small
1500,55,140,23,6724.0,Medium
1501,60,140,23,2603.2,Small
1502,61,140,23,1735.92,Small
1503,67,140,23,2172.48,Small
1504,72,140,23,1875.2,Small
1505,73,141,46,4177.35,Medium
1506,74,141,46,2904.44,Small
1507,75,141,46,6901.92,Medium
1508,56,141,46,3163.65,Medium
1509,77,141,46,2353.2,Small
1510,78,141,46,2153.76,Small
1511,59,141,46,2380.0,Small
1512,79,141,46,2399.4,Small
1513,62,141,46,3357.49,Medium
1514,63,141,46,1682.37,Small
1515,80,141,46,1883.93,Small
1516,64,141,46,1791.16,Small
1517,65,141,46,1724.82,Small
1518,66,141,46,2864.32,Small
1519,68,141,46,4472.52,Medium
1520,69,141,46,6378.72,Medium
1521,70,141,46,3164.8,Medium
1522,71,141,46,2249.05,Small
1523,81,142,63,9631.0,Large
1524,76,142,63,5181.5,Medium
1525,82,142,63,5464.69,Medium
1526,83,142,63,3184.02,Medium
1527,86,142,63,2658.48,Small
1528,87,142,63,3924.6,Medium
1529,88,142,63,1661.88,Small
1530,89,142,63,5713.92,Medium
1531,90,142,63,3472.54,Medium
1532,91,142,63,1224.6,Small
1533,93,142,63,3608.64,Medium
1534,94,142,63,988.47,Small
1535,95,142,63,4304.64,Medium
1536,96,142,63,1486.38,Small
1537,84,143,32,3127.88,Medium
1538,97,144,76,4667.86,Medium
1539,102,144,76,2604.52,Small
1540,85,144,76,2634.94,Small
1541,98,144,76,3754.05,Medium
1542,99,144,76,4324.32,Medium
1543,31,144,76,6401.22,Medium
1544,100,144,76,4116.8,Medium
1545,105,144,76,1584.8,Small
1546,101,144,76,1205.59,Small
1547,92,144,76,3159.75,Medium
1548,103,145,34,1575.08,Small
1549,104,145,34,2398.72,Small
1550,106,145,34,3918.53,Medium
1551,107,145,34,5580.96,Medium
1552,108,145,34,2344.98,Small
1553,109,145,34,6168.0,Medium
1554,11,146,2,8014.82,Large
1555,14,146,2,2800.08,Small
1556,9,146,2,5239.5,Medium
1557,10,146,2,1557.36,Small
1558,1,146,2,3668.6,Medium
1559,2,146,2,1574.0,Small
1560,5,146,2,4750.8,Medium
1561,6,146,2,4455.0,Medium
1562,16,146,2,5126.24,Medium
1563,17,146,2,2954.53,Small
1564,18,146,2,3006.43,Medium
1565,19,146,2,3474.46,Medium
1566,3,146,2,3704.05,Medium
1567,7,146,2,577.6,Small
1568,8,146,2,2137.05,Small
1569,4,146,2,1381.05,Small
1570,23,146,2,1656.69,Small
1571,12,147,29,7020.64,Large
1572,13,147,29,2938.5,Small
1573,28,147,29,5247.18,Medium
1574,30,147,29,5773.44,Medium
1575,15,147,29,1674.17,Small
1576,31,147,29,4191.25,Medium
1577,20,147,29,2482.25,Small
1578,21,147,29,2634.28,Small
1579,22,147,29,2779.5,Small
1580,34,147,29,813.2,Small
1581,24,147,29,2402.07,Small
1582,36,147,29,1710.89,Small
1583,25,147,29,2792.52,Small
1584,26,147,29,2321.46,Small
1585,41,148,57,7071.27,Large
1586,27,148,57,4364.82,Medium
1587,42,148,57,3778.8,Medium
1588,29,148,57,3238.63,Medium
1589,43,148,57,6695.53,Medium
1590,44,148,57,4174.92,Medium
1591,32,148,57,4674.8,Medium
1592,33,148,57,1357.78,Small
1593,35,148,57,4797.39,Medium
1594,37,148,57,2147.4,Small
1595,38,148,57,4310.72,Medium
1596,39,148,57,2470.86,Small
1597,50,148,57,3724.23,Medium
1598,40,148,70,2992.0,Small
1599,57,148,70,2059.26,Small
1600,58,148,70,5795.54,Medium
1601,45,148,70,3580.88,Medium
1602,46,148,70,5316.36,Medium
1603,47,148,70,3159.96,Medium
1604,48,148,70,2407.68,Small
1605,49,148,70,3540.15,Medium
1606,67,148,70,1882.8,Small
1607,51,148,70,3091.19,Medium
1608,52,148,70,1939.3,Small
1609,53,148,70,3396.44,Medium
1610,72,148,70,2477.23,Small
1611,54,148,70,1693.56,Small
1612,55,149,61,5747.85,Medium
1613,56,149,61,2226.11,Small
1614,59,149,61,2310.88,Small
1615,60,149,61,2219.7,Small
1616,61,149,61,2795.13,Small
1617,62,149,61,1175.16,Small
1618,63,149,61,1491.0,Small
1619,64,149,61,4093.0,Medium
1620,65,149,61,1713.69,Small
1621,66,149,61,1994.88,Small
1622,68,149,61,4576.95,Medium
1623,70,149,61,1740.0,Small
1624,71,149,61,2061.12,Small
1625,73,150,50,4099.68,Medium
1626,74,150,50,6484.59,Medium
1627,75,150,50,5438.07,Medium
1628,76,150,50,6863.92,Medium
1629,77,150,50,981.2,Small
1630,78,150,50,3716.88,Medium
1631,79,150,50,2733.12,Small
1632,90,150,50,2263.28,Small
1633,80,150,50,3658.93,Medium
1634,94,150,50,1518.11,Small
1635,95,150,50,2600.26,Small
1636,96,150,50,3077.88,Medium
1637,69,150,50,5392.8,Medium
1638,88,151,45,2173.6,Small
1639,81,152,89,3432.24,Medium
1640,82,152,89,4756.5,Medium
1641,83,152,89,2846.63,Small
1642,84,152,89,2675.13,Small
1643,97,152,89,6499.32,Medium
1644,85,152,89,3625.16,Medium
1645,98,152,89,3516.48,Medium
1646,99,152,89,5052.96,Medium
1647,31,152,89,5852.52,Medium
1648,86,152,89,3042.68,Medium
1649,87,152,89,6761.6,Medium
1650,100,152,89,4310.55,Medium
1651,89,152,89,4300.32,Medium
1652,101,152,89,1427.4,Small
1653,91,152,89,1359.4,Small
1654,92,152,89,4297.32,Medium
1655,93,152,89,3524.8,Medium
1656,102,153,40,2936.8,Small
1657,1,153,40,5875.2,Medium
1658,2,153,40,1729.0,Small
1659,5,153,40,3822.92,Medium
1660,3,153,40,2834.65,Small
1661,103,153,40,1688.43,Small
1662,104,153,40,2381.04,Small
1663,105,153,40,2616.0,Small
1664,7,153,40,1106.93,Small
1665,106,153,40,2830.45,Small
1666,107,153,40,6539.04,Medium
1667,108,153,40,2328.66,Small
1668,109,153,40,4873.26,Medium
1669,4,153,40,1340.46,Small
1670,9,154,42,4567.98,Medium
1671,10,154,42,1345.68,Small
1672,6,154,42,8272.34,Large
1673,8,154,42,2177.1,Small
1674,19,155,10,2501.98,Small
1675,23,155,10,5171.4,Medium
1676,11,156,74,7136.19,Large
1677,12,156,74,3855.9,Medium
1678,13,156,74,6387.8,Medium
1679,14,156,74,4687.94,Medium
1680,15,156,74,1500.98,Small
1681,16,156,74,5713.79,Medium
1682,17,156,74,1871.83,Small
1683,18,156,74,2866.26,Small
1684,20,156,74,5288.64,Medium
1685,21,156,74,1502.78,Small
1686,22,156,74,5398.08,Medium
1687,24,156,74,2178.54,Small
1688,25,156,74,2296.0,Small
1689,26,156,74,3256.96,Medium
1690,28,156,47,2214.87,Small
1691,29,156,47,4554.94,Medium
1692,30,156,47,4528.86,Medium
1693,31,156,47,2844.87,Small
1694,32,156,47,7140.76,Large
1695,33,156,47,2150.0,Small
1696,34,156,47,1172.34,Small
1697,35,156,47,3832.38,Medium
1698,36,156,47,2326.5,Small
1699,37,156,47,2099.63,Small
1700,38,156,47,4983.14,Medium
1701,39,156,47,1927.45,Small
1702,41,157,2,8411.56,Large
1703,27,157,2,4242.24,Medium
1704,42,157,2,8253.0,Large
1705,43,157,2,2819.28,Small
1706,44,157,2,2418.24,Small
1707,45,157,2,4946.06,Medium
1708,46,157,2,2941.89,Small
1709,50,157,2,2084.81,Small
1710,54,157,2,1921.92,Small
1711,53,158,63,4692.6,Medium
1712,40,158,38,3427.2,Medium
1713,47,158,38,3908.62,Medium
1714,49,158,38,1958.84,Small
1715,51,158,38,2576.2,Small
1716,52,158,38,3473.78,Medium
1717,55,159,13,5676.84,Medium
1718,57,159,13,2023.14,Small
1719,58,159,13,1863.4,Small
1720,60,159,13,1496.25,Small
1721,61,159,13,1671.52,Small
1722,48,159,13,1697.3,Small
1723,62,159,13,2292.8,Small
1724,65,159,13,1259.44,Small
1725,66,159,13,4296.6,Medium
1726,67,159,13,3477.86,Medium
1727,68,159,13,2441.04,Small
1728,70,159,13,1777.6,Small
1729,71,159,13,4071.14,Medium
1730,72,159,13,948.99,Small
1731,56,160,21,2069.75,Small
1732,59,160,21,4061.76,Medium
1733,79,160,21,2096.32,Small
1734,63,160,21,1666.35,Small
1735,80,160,21,2856.88,Small
1736,64,160,21,2234.4,Small
1737,69,160,21,3986.5,Medium
1738,74,161,4,3757.26,Medium
1739,77,161,4,1550.72,Small
1740,73,162,86,2597.39,Small
1741,75,162,86,6683.34,Medium
1742,76,162,86,4157.04,Medium
1743,88,162,86,2182.05,Small
1744,89,162,86,7947.31,Large
1745,78,162,86,5455.76,Medium
1746,90,162,86,2194.17,Small
1747,93,162,86,2586.88,Small
1748,94,162,86,1013.76,Small
1749,95,162,86,4382.16,Medium
1750,96,162,86,3544.2,Medium
1751,81,163,14,5521.89,Medium
1752,82,163,14,3984.6,Medium
1753,83,163,14,1685.42,Small
1754,84,163,14,2807.61,Small
1755,85,163,14,3788.4,Medium
1756,86,163,14,3861.2,Medium
1757,87,163,14,3786.49,Medium
1758,91,163,14,1822.18,Small
1759,97,164,61,5917.78,Medium
1760,102,164,61,3424.64,Medium
1761,98,164,61,7488.04,Large
1762,99,164,61,3223.44,Medium
1763,31,164,61,4011.66,Medium
1764,100,164,61,6446.7,Medium
1765,104,164,61,1944.54,Small
1766,105,164,61,1129.04,Small
1767,101,164,61,1649.28,Small
1768,109,164,61,2120.14,Small
1769,92,164,61,7723.5,Large
1770,1,52,88,7310.0,Large
1771,3,52,88,3392.26,Medium
1772,103,52,88,1672.1,Small
1773,106,52,88,5298.86,Medium
1774,107,52,88,5548.95,Medium
1775,108,52,88,3575.04,Medium
1776,2,165,43,2255.84,Small
1777,4,165,43,965.04,Small
1778,11,166,8,10172.7,Large
1779,13,166,8,6396.0,Medium
1780,14,166,8,4508.0,Medium
1781,9,166,8,3535.35,Medium
1782,10,166,8,1795.24,Small
1783,5,166,8,2440.8,Small
1784,6,166,8,3577.6,Medium
1785,17,166,8,1559.04,Small
1786,18,166,8,2232.62,Small
1787,19,166,8,3958.46,Medium
1788,21,166,8,1676.2,Small
1789,7,166,8,694.6,Small
1790,8,166,8,1734.48,Small
1791,23,166,8,3342.57,Medium
1792,25,166,8,2629.44,Small
1793,26,166,8,4208.0,Medium
1794,16,166,86,4613.8,Medium
1795,12,167,50,6680.78,Medium
1796,28,167,50,4773.18,Medium
1797,29,167,50,3934.44,Medium
1798,30,167,50,4816.08,Medium
1799,15,167,50,2192.68,Small
1800,31,167,50,7455.87,Large
1801,20,167,50,2184.38,Small
1802,33,167,50,2783.25,Small
1803,22,167,50,3189.6,Medium
1804,34,167,50,1510.56,Small
1805,35,167,50,4641.48,Medium
1806,24,167,50,3155.04,Medium
1807,36,167,50,2316.0,Small
1808,38,167,50,4618.32,Medium
1809,41,168,11,6570.76,Medium
1810,27,168,11,4982.7,Medium
1811,42,168,11,3633.4,Medium
1812,43,168,11,3759.04,Medium
1813,44,168,11,3670.4,Medium
1814,32,168,11,3600.65,Medium
1815,45,168,11,3525.6,Medium
1816,46,168,11,3207.4,Medium
1817,47,168,11,2606.48,Small
1818,37,168,11,2315.18,Small
1819,39,168,11,2051.56,Small
1820,49,168,11,2700.0,Small
1821,50,168,11,3488.78,Medium
1822,51,168,11,3232.31,Medium
1823,52,168,11,2884.8,Small
1824,53,168,11,3515.7,Medium
1825,54,168,11,2082.85,Small
1826,40,168,19,2692.8,Small
1827,55,168,19,7379.97,Large
1828,57,168,19,2586.64,Small
1829,58,168,19,4166.88,Medium
1830,60,168,19,1884.0,Small
1831,61,168,19,1576.74,Small
1832,48,168,19,2011.02,Small
1833,67,168,19,3323.84,Medium
1834,72,168,19,1823.42,Small
1835,74,169,55,4043.96,Medium
1836,75,169,55,4570.4,Medium
1837,56,169,55,2235.33,Small
1838,77,169,55,1771.06,Small
1839,59,169,55,3493.7,Medium
1840,79,169,55,2971.34,Small
1841,62,169,55,3286.49,Medium
1842,63,169,55,3666.08,Medium
1843,80,169,55,1917.84,Small
1844,64,169,55,3037.84,Medium
1845,65,169,55,2051.08,Small
1846,66,169,55,2224.95,Small
1847,68,169,55,3106.25,Medium
1848,69,169,55,4009.23,Medium
1849,70,169,55,1831.2,Small
1850,71,169,55,2656.29,Small
1851,73,169,12,4394.38,Medium
1852,76,169,12,4660.24,Medium
1853,78,169,12,2650.62,Small
1854,90,169,12,1346.4,Small
1855,95,169,12,4235.0,Medium
1856,96,169,12,2483.04,Small
1857,81,170,85,6934.62,Medium
1858,82,170,85,3100.32,Medium
1859,83,170,85,3988.6,Medium
1860,84,170,85,2504.75,Small
1861,97,170,85,6231.91,Medium
1862,85,170,85,1832.6,Small
1863,98,170,85,3448.08,Medium
1864,31,170,85,8940.96,Large
1865,86,170,85,2171.07,Small
1866,87,170,85,6266.12,Medium
1867,88,170,85,2819.88,Small
1868,89,170,85,5356.8,Medium
1869,101,170,85,1383.03,Small
1870,91,170,85,2163.72,Small
1871,92,170,85,5497.65,Medium
1872,93,170,85,4753.49,Medium
1873,94,170,85,1549.8,Small
1874,102,170,34,2923.2,Small
1875,99,170,34,5278.68,Medium
1876,100,170,34,3616.64,Medium
1877,3,170,34,3358.31,Medium
1878,103,170,34,1674.75,Small
1879,104,170,34,2273.7,Small
1880,105,170,34,2218.5,Small
1881,106,170,34,2620.8,Small
1882,107,170,34,4595.41,Medium
1883,108,170,34,2076.0,Small
1884,109,170,34,4236.14,Medium
1885,11,171,57,11623.7,Large
1886,14,171,57,4181.44,Medium
1887,9,171,57,3843.34,Medium
1888,10,171,57,1105.25,Small
1889,1,171,57,8078.4,Large
1890,2,171,57,1834.5,Small
1891,5,171,57,4729.36,Medium
1892,6,171,57,3881.25,Medium
1893,16,171,57,3711.1,Medium
1894,17,171,57,1880.2,Small
1895,18,171,57,4457.02,Medium
1896,19,171,57,3535.95,Medium
1897,21,171,57,2217.15,Small
1898,7,171,57,1152.06,Small
1899,8,171,57,865.49,Small
1900,4,171,57,1093.99,Small
1901,23,171,57,4884.88,Medium
1902,12,172,18,6678.0,Medium
1903,13,172,18,2669.1,Small
1904,30,172,18,3416.78,Medium
1905,15,172,18,1797.58,Small
1906,31,172,18,4572.25,Medium
1907,20,172,18,2881.76,Small
1908,22,172,18,5581.8,Medium
1909,24,172,18,2366.28,Small
1910,36,172,18,1727.1,Small
1911,25,172,18,1912.16,Small
1912,26,172,18,2973.9,Small
1913,41,172,41,7975.44,Large
1914,27,172,41,6393.54,Medium
1915,42,172,41,6913.8,Medium
1916,28,172,41,6185.7,Medium
1917,29,172,41,5776.26,Medium
1918,43,172,41,2731.8,Small
1919,44,172,41,2481.7,Small
1920,32,172,41,4206.74,Medium
1921,33,172,41,2339.92,Small
1922,34,172,41,1448.07,Small
1923,35,172,41,4000.26,Medium
1924,37,172,41,2327.15,Small
1925,38,172,41,3403.12,Medium
1926,39,172,41,2337.38,Small
1927,50,172,41,1753.06,Small
1928,45,173,46,3602.16,Medium
1929,46,173,46,4215.05,Medium
1930,47,173,46,2081.76,Small
1931,49,173,46,2542.0,Small
1932,52,173,46,2670.65,Small
1933,53,173,46,3380.69,Medium
1934,54,173,46,2227.6,Small
1935,40,174,39,4128.96,Medium
1936,55,174,39,3704.13,Medium
1937,57,174,39,1987.02,Small
1938,58,174,39,4080.07,Medium
1939,59,174,39,2872.25,Small
1940,60,174,39,2166.14,Small
1941,61,174,39,3615.71,Medium
1942,48,174,39,2306.25,Small
1943,62,174,39,2333.7,Small
1944,64,174,39,1419.84,Small
1945,65,174,39,1617.38,Small
1946,66,174,39,2795.14,Small
1947,67,174,39,4195.8,Medium
1948,68,174,39,2706.41,Small
1949,51,174,39,3573.6,Medium
1950,70,174,39,3609.6,Medium
1951,71,174,39,2736.36,Small
1952,72,174,39,1485.8,Small
1953,63,175,81,2916.2,Small
1954,73,175,29,4358.04,Medium
1955,74,175,29,5566.5,Medium
1956,75,175,29,7667.14,Large
1957,56,175,29,3116.43,Medium
1958,77,175,29,2213.4,Small
1959,78,175,29,6437.28,Medium
1960,79,175,29,2257.58,Small
1961,80,175,29,5305.36,Medium
1962,69,175,29,7119.0,Large
1963,76,176,52,4111.8,Medium
1964,86,176,52,3403.08,Medium
1965,88,176,52,2598.64,Small
1966,89,176,52,7901.1,Large
1967,90,176,52,2533.63,Small
1968,93,176,52,3684.67,Medium
1969,94,176,52,1108.38,Small
1970,95,176,52,2626.8,Small
1971,96,176,52,3478.05,Medium
1972,81,176,91,6876.11,Medium
1973,82,176,91,4850.3,Medium
1974,83,176,91,2789.96,Small
1975,87,176,91,3491.0,Medium
1976,91,176,91,1591.98,Small
1977,84,177,35,2984.88,Small
1978,97,177,35,5803.14,Medium
1979,102,177,35,4489.76,Medium
1980,85,177,35,2905.98,Small
1981,98,177,35,3734.0,Medium
1982,99,177,35,2851.2,Small
1983,31,177,35,5700.09,Medium
1984,100,177,35,4232.76,Medium
1985,104,177,35,2116.5,Small
1986,105,177,35,2028.48,Small
1987,106,177,35,2181.0,Small
1988,101,177,35,1229.51,Small
1989,108,177,35,3305.25,Medium
1990,109,177,35,1888.95,Small
1991,92,177,35,4052.88,Medium
1992,11,177,62,6000.4,Medium
1993,12,177,62,2851.54,Small
1994,13,177,62,4784.13,Medium
1995,14,177,62,2251.04,Small
1996,9,177,62,3710.9,Medium
1997,10,177,62,2364.88,Small
1998,5,177,62,12536.5,Large
1999,15,177,62,2142.35,Small
2000,6,177,62,5797.44,Medium
2001,16,177,62,3524.73,Medium
2002,17,177,62,1224.67,Small
2003,18,177,62,2257.92,Small
2004,7,177,62,2624.0,Small
2005,8,177,62,3500.1,Medium
2006,19,178,14,3011.91,Medium
2007,20,178,14,6203.06,Medium
2008,27,178,90,1466.91,Small
2009,28,178,90,1517.88,Small
2010,29,178,90,7207.45,Large
2011,30,178,90,1236.84,Small
2012,31,178,90,3155.49,Medium
2013,32,178,90,5379.71,Medium
2014,21,178,90,6832.02,Medium
2015,33,178,90,1729.0,Small
2016,22,178,90,3820.44,Medium
2017,34,178,90,3338.1,Medium
2018,23,178,90,6267.69,Medium
2019,24,178,90,1963.6,Small
2020,25,178,90,8209.44,Large
2021,26,178,90,4248.3,Medium
2022,40,178,12,3051.71,Medium
2023,41,178,12,2688.0,Small
2024,42,178,12,2583.6,Small
2025,43,178,12,1658.88,Small
2026,35,178,12,5325.76,Medium
2027,36,178,12,8844.12,Large
2028,37,178,12,5377.4,Medium
2029,38,178,12,5190.42,Medium
2030,39,178,12,5932.96,Medium
2031,44,179,91,3807.68,Medium
2032,45,179,91,4300.5,Medium
2033,46,179,91,4333.29,Medium
2034,47,179,91,3519.85,Medium
2035,48,179,91,1845.0,Small
2036,49,179,91,2340.0,Small
2037,55,180,28,2804.75,Small
2038,56,180,28,4781.7,Medium
2039,57,180,28,1146.5,Small
2040,50,180,28,3469.2,Medium
2041,51,180,28,2022.51,Small
2042,52,180,28,3440.0,Medium
2043,53,180,28,3204.57,Medium
2044,54,180,28,3209.38,Medium
2045,58,181,69,3815.48,Medium
2046,59,181,69,4114.38,Medium
2047,60,181,69,2828.16,Small
2048,61,181,69,1459.6,Small
2049,62,181,69,2675.05,Small
2050,63,181,69,2616.98,Small
2051,64,181,69,1948.08,Small
2052,65,181,69,1765.62,Small
2053,66,181,69,2762.1,Small
2054,67,181,69,4156.58,Medium
2055,68,181,69,4021.53,Medium
2056,69,181,69,4072.2,Medium
2057,70,181,69,2112.0,Small
2058,71,181,69,3348.93,Medium
2059,73,182,47,4396.14,Medium
2060,74,182,47,3176.0,Medium
2061,75,182,47,5868.2,Medium
2062,81,182,47,2930.27,Small
2063,76,182,47,3542.64,Medium
2064,82,182,47,3846.98,Medium
2065,83,182,47,3607.56,Medium
2066,84,182,47,2524.86,Small
2067,85,182,47,2954.81,Small
2068,77,182,47,5266.04,Medium
2069,86,182,47,2245.8,Small
2070,78,182,47,2633.4,Small
2071,79,182,47,3493.91,Medium
2072,80,182,47,2875.95,Small
2073,72,182,47,3789.72,Medium
2074,87,183,26,4405.22,Medium
2075,88,183,26,2019.27,Small
2076,89,183,26,6101.0,Medium
2077,90,183,26,3403.26,Medium
2078,97,184,59,6434.02,Medium
2079,102,184,59,4849.24,Medium
2080,1,184,59,3257.76,Medium
2081,98,184,59,974.1,Small
2082,99,184,59,1687.4,Small
2083,31,184,59,4170.69,Medium
2084,100,184,59,1765.66,Small
2085,101,184,59,1140.48,Small
2086,91,184,59,3078.5,Medium
2087,92,184,59,3135.93,Medium
2088,93,184,59,5715.4,Medium
2089,94,184,59,4102.56,Medium
2090,95,184,59,5026.56,Medium
2091,96,184,59,3657.8,Medium
2092,9,184,11,4375.98,Medium
2093,10,184,11,2427.03,Small
2094,2,184,11,3201.5,Medium
2095,5,184,11,2264.15,Small
2096,6,184,11,1264.08,Small
2097,17,184,11,2979.08,Small
2098,18,184,11,1592.0,Small
2099,3,184,11,7310.0,Large
2100,103,184,11,3472.98,Medium
2101,104,184,11,1307.32,Small
2102,105,184,11,1759.2,Small
2103,7,184,11,3685.95,Medium
2104,8,184,11,2223.52,Small
2105,106,184,11,3382.08,Medium
2106,107,184,11,1859.44,Small
2107,108,184,11,1538.55,Small
2108,109,184,11,1152.58,Small
2109,4,184,11,3166.84,Medium
2110,11,185,58,3003.0,Medium
2111,13,185,58,3273.93,Medium
2112,14,185,58,1167.25,Small
2113,16,185,58,2795.27,Small
2114,19,185,58,11336.7,Large
2115,21,185,58,1916.64,Small
2116,23,185,58,4424.16,Medium
2117,25,185,58,2431.77,Small
2118,12,186,91,3188.12,Medium
2119,30,186,91,5814.86,Medium
2120,15,186,91,2086.92,Small
2121,31,186,91,2878.8,Small
2122,20,186,91,6763.47,Medium
2123,22,186,91,5528.04,Medium
2124,34,186,57,1225.29,Small
2125,24,186,57,4746.28,Medium
2126,36,186,57,2424.0,Small
2127,41,187,45,1888.26,Small
2128,27,187,45,4059.33,Medium
2129,42,187,45,3105.62,Medium
2130,28,187,45,6372.6,Medium
2131,29,187,45,7460.74,Large
2132,43,187,45,5778.24,Medium
2133,44,187,45,2230.41,Small
2134,33,187,45,5972.4,Medium
2135,35,187,45,4618.69,Medium
2136,37,187,45,2626.01,Small
2137,38,187,45,3141.57,Medium
2138,26,187,45,9558.8,Large
2139,40,188,20,1201.25,Small
2140,32,188,20,5679.36,Medium
2141,45,188,20,4498.19,Medium
2142,46,188,20,2087.13,Small
2143,39,188,20,2296.77,Small
2144,50,188,20,2530.8,Small
2145,52,188,20,2770.78,Small
2146,53,188,20,2588.04,Small
2147,54,188,20,4080.72,Medium
2148,55,189,71,5624.79,Medium
2149,57,189,71,2312.24,Small
2150,58,189,71,5526.45,Medium
2151,74,190,84,2756.8,Small
2152,75,190,84,2990.13,Small
2153,56,190,84,2810.7,Small
2154,77,190,84,1864.8,Small
2155,78,190,84,2278.53,Small
2156,59,190,84,1063.65,Small
2157,60,190,84,6214.45,Medium
2158,47,190,84,10758.0,Large
2159,61,190,84,2891.01,Small
2160,48,190,84,2493.12,Small
2161,62,190,84,4361.4,Medium
2162,49,190,84,2816.44,Small
2163,67,190,84,3918.75,Medium
2164,51,190,84,3717.5,Medium
2165,71,190,84,2893.0,Small
2166,72,190,84,2060.37,Small
2167,79,191,33,4398.9,Medium
2168,63,191,33,3390.8,Medium
2169,80,191,33,6482.85,Medium
2170,64,191,33,2307.24,Small
2171,65,191,33,2024.8,Small
2172,66,191,33,2658.0,Small
2173,68,191,33,4826.25,Medium
2174,69,191,33,4094.51,Medium
2175,73,191,72,7737.93,Large
2176,81,191,72,3584.25,Medium
2177,76,191,72,8118.55,Large
2178,82,191,72,4220.92,Medium
2179,83,191,72,3368.16,Medium
2180,84,191,72,4136.0,Medium
2181,90,191,72,3307.2,Medium
2182,95,191,72,2201.62,Small
2183,96,191,72,4682.36,Medium
2184,70,191,72,3644.12,Medium
2185,97,191,6,6454.4,Medium
2186,85,191,6,3599.75,Medium
2187,98,191,6,3160.74,Medium
2188,31,191,6,5029.5,Medium
2189,86,191,6,1668.5,Small
2190,87,191,6,6548.3,Medium
2191,88,191,6,1454.7,Small
2192,89,191,6,6276.46,Medium
2193,101,191,6,1575.6,Small
2194,91,191,6,2997.6,Small
2195,92,191,6,5013.54,Medium
2196,102,191,68,5848.92,Medium
2197,99,191,68,1308.0,Small
2198,100,191,68,3734.72,Medium
2199,105,191,68,977.67,Small
2200,93,191,68,3098.7,Medium
2201,94,191,68,3713.16,Medium
2202,1,192,49,7650.0,Large
2203,2,192,49,2276.4,Small
2204,5,192,49,3928.2,Medium
2205,3,192,49,2203.11,Small
2206,103,192,49,1649.18,Small
2207,104,192,49,1726.37,Small
2208,7,192,49,703.6,Small
2209,8,192,4,2311.68,Small
2210,9,193,76,1516.62,Small
2211,106,193,76,2876.75,Small
2212,107,193,76,2093.76,Small
2213,108,193,76,3325.92,Medium
2214,109,193,76,2492.88,Small
2215,4,193,76,2143.68,Small
2216,11,193,6,3944.7,Medium
2217,12,193,6,4428.0,Medium
2218,13,193,6,3586.43,Medium
2219,14,193,6,2083.2,Small
2220,10,193,6,1237.95,Small
2221,15,193,6,6834.5,Medium
2222,6,193,6,4815.3,Medium
2223,16,193,6,4814.4,Medium
2224,17,193,6,2208.64,Small
2225,18,193,6,4948.2,Medium
2226,19,193,6,2656.94,Small
2227,20,193,6,5884.65,Medium
2228,41,174,25,2513.28,Small
2229,27,174,25,4801.52,Medium
2230,21,174,25,7110.8,Large
2231,22,174,25,5981.42,Medium
2232,23,174,25,1962.09,Small
2233,24,174,25,6386.94,Medium
2234,25,174,25,3139.99,Medium
2235,26,174,25,2650.56,Small
2236,42,194,60,4408.56,Medium
2237,28,194,60,5232.96,Medium
2238,29,194,60,6719.54,Medium
2239,30,194,60,5223.48,Medium
2240,31,194,60,7396.8,Large
2241,32,194,60,4394.84,Medium
2242,33,194,60,2275.2,Small
2243,34,194,60,1336.68,Small
2244,35,194,60,3182.97,Medium
2245,36,194,60,1535.49,Small
2246,40,195,34,1962.22,Small
2247,57,195,34,2793.71,Small
2248,43,195,34,5191.12,Medium
2249,44,195,34,3814.64,Medium
2250,45,195,34,3023.1,Medium
2251,46,195,34,1711.22,Small
2252,47,195,34,3021.0,Medium
2253,48,195,34,1508.5,Small
2254,37,195,34,4406.4,Medium
2255,38,195,34,2213.4,Small
2256,39,195,34,6490.88,Medium
2257,49,195,34,3526.82,Medium
2258,50,195,34,2924.32,Small
2259,51,195,34,2185.15,Small
2260,52,195,34,2397.54,Small
2261,53,195,34,2854.75,Small
2262,54,195,34,2244.4,Small
2263,55,196,78,3881.28,Medium
2264,58,196,78,3374.6,Medium
2265,60,196,78,1867.0,Small
2266,61,196,78,2598.44,Small
2267,62,196,78,2018.58,Small
2268,67,196,10,2352.67,Small
2269,68,196,10,4935.28,Medium
2270,71,196,10,1661.22,Small
2271,72,196,10,2579.36,Small
2272,56,197,37,3515.67,Medium
2273,59,197,37,2008.44,Small
2274,63,197,37,3146.5,Medium
2275,80,197,37,3733.82,Medium
2276,64,197,37,1780.4,Small
2277,65,197,37,3288.4,Medium
2278,66,197,37,5043.87,Medium
2279,69,197,37,3302.4,Medium
2280,70,197,37,3523.85,Medium
2281,87,198,34,3177.91,Medium
2282,88,198,34,1657.57,Small
2283,89,198,34,4203.5,Medium
2284,90,198,34,2896.65,Small
2285,101,198,34,1386.72,Small
2286,91,198,34,2747.8,Small
2287,92,198,34,5302.72,Medium
2288,93,198,34,2670.92,Small
2289,94,198,34,1513.54,Small
2290,95,198,34,4326.8,Medium
2291,97,199,48,4196.8,Medium
2292,9,199,48,2509.0,Small
2293,10,199,48,1593.02,Small
2294,98,199,48,1746.63,Small
2295,5,199,48,3630.22,Medium
2296,6,199,48,4462.2,Medium
2297,7,199,48,9720.0,Large
2298,8,199,48,828.36,Small
2299,96,199,48,3937.7,Medium
2300,11,200,57,5691.84,Medium
2301,12,200,57,5780.92,Medium
2302,13,200,57,5960.36,Medium
2303,14,200,57,3822.0,Medium
2304,15,200,57,2541.59,Small
2305,16,200,57,3572.33,Medium
2306,17,200,57,3458.42,Medium
2307,18,200,57,5160.76,Medium
2308,19,200,57,2604.25,Small
2309,20,200,57,3559.64,Medium
2310,27,200,34,2711.66,Small
2311,28,200,34,2694.72,Small
2312,29,200,34,2428.0,Small
2313,30,200,34,728.4,Small
2314,31,200,34,2991.68,Small
2315,32,200,34,2528.25,Small
2316,21,200,34,5302.8,Medium
2317,33,200,34,2673.44,Small
2318,22,200,34,5684.65,Medium
2319,34,200,34,2985.84,Small
2320,23,200,34,6847.0,Medium
2321,24,200,34,4428.0,Medium
2322,25,200,34,5669.64,Medium
2323,26,200,34,3761.37,Medium
2324,40,201,68,2624.64,Small
2325,41,201,68,4764.48,Medium
2326,42,201,68,3042.41,Medium
2327,35,201,68,2603.04,Small
2328,36,201,68,6358.68,Medium
2329,37,201,68,4301.22,Medium
2330,38,201,68,4896.7,Medium
2331,39,201,68,1623.25,Small
2332,73,202,77,1451.0,Small
2333,74,202,77,1329.9,Small
2334,61,202,77,3871.92,Medium
2335,62,202,77,3710.98,Medium
2336,63,202,77,1561.5,Small
2337,64,202,77,3544.17,Medium
2338,65,202,77,2725.47,Small
2339,66,202,77,1210.8,Small
2340,67,202,77,1089.36,Small
2341,68,202,77,2754.7,Small
2342,69,202,77,3186.48,Medium
2343,70,202,77,5001.92,Medium
2344,71,202,77,4277.35,Medium
2345,72,202,77,2189.6,Small
2346,75,203,81,3664.1,Medium
2347,76,203,81,3877.06,Medium
2348,77,203,81,1142.41,Small
2349,78,203,81,4846.0,Medium
2350,81,204,79,2817.87,Small
2351,82,204,79,3288.82,Medium
2352,83,204,79,2775.08,Small
2353,84,204,79,4068.7,Medium
2354,85,204,79,3686.54,Medium
2355,86,204,79,2773.8,Small
2356,87,204,79,4142.64,Medium
2357,88,204,79,2851.84,Small
2358,89,204,79,1629.04,Small
2359,79,204,79,3595.62,Medium
2360,90,204,79,2632.89,Small
2361,91,204,79,2447.76,Small
2362,92,204,79,2931.98,Small
2363,93,204,79,5154.41,Medium
2364,80,204,79,6576.5,Medium
2365,94,204,49,2317.44,Small
2366,97,205,56,2611.8,Small
2367,95,205,56,3425.18,Medium
2368,96,205,56,4984.32,Medium
2369,98,206,71,4207.84,Medium
2370,99,206,71,6144.6,Medium
2371,31,206,71,6275.72,Medium
2372,102,207,87,2758.7,Small
2373,1,207,87,4703.81,Medium
2374,2,207,87,8884.8,Large
2375,5,207,87,4196.07,Medium
2376,6,207,87,3033.28,Medium
2377,100,207,87,4808.38,Medium
2378,3,207,87,2696.96,Small
2379,103,207,87,3751.0,Medium
2380,104,207,87,1267.77,Small
2381,105,207,87,1463.0,Small
2382,7,207,87,834.67,Small
2383,8,207,87,856.52,Small
2384,101,207,87,5018.4,Medium
2385,106,208,57,4107.2,Medium
2386,107,208,57,4223.13,Medium
2387,108,208,57,3662.52,Medium
2388,109,208,57,1991.6,Small
2389,4,208,57,1717.64,Small
2390,11,209,23,4514.92,Medium
2391,9,209,23,9240.44,Large
2392,10,209,23,3156.16,Medium
2393,16,209,23,4581.36,Medium
2394,17,209,23,1237.88,Small
2395,18,209,23,1978.62,Small
2396,19,209,23,3288.6,Medium
2397,23,209,23,3476.8,Medium
2398,12,209,3,2297.05,Small
2399,13,209,3,8470.14,Large
2400,14,209,3,3911.49,Medium
2401,30,209,3,3949.0,Medium
2402,15,209,3,2130.92,Small
2403,31,209,3,1534.95,Small
2404,20,209,3,1668.37,Small
2405,21,209,3,2730.0,Small
2406,25,209,3,3160.25,Medium
2407,41,210,57,3560.64,Medium
2408,28,210,57,1749.79,Small
2409,29,210,57,2602.25,Small
2410,33,210,57,2431.75,Small
2411,22,210,57,3449.4,Medium
2412,34,210,57,5545.8,Medium
2413,35,210,57,1408.96,Small
2414,24,210,57,4044.04,Medium
2415,36,210,57,1329.4,Small
2416,37,210,57,2986.5,Small
2417,38,210,57,2714.4,Small
2418,26,210,57,4301.34,Medium
2419,27,211,84,5862.0,Medium
2420,42,211,84,5941.5,Medium
2421,43,211,84,3862.88,Medium
2422,44,211,84,2117.75,Small
2423,32,211,84,7031.52,Large
2424,45,211,84,3562.49,Medium
2425,46,211,84,3910.53,Medium
2426,39,211,84,1405.92,Small
2427,50,211,84,4496.8,Medium
2428,40,212,65,4046.25,Medium
2429,55,212,65,1611.4,Small
2430,57,212,65,1908.28,Small
2431,58,212,65,3024.5,Medium
2432,60,212,65,2676.72,Small
2433,47,212,65,1891.56,Small
2434,61,212,65,3036.0,Medium
2435,48,212,65,2394.3,Small
2436,62,212,65,2847.0,Small
2437,49,212,65,4627.92,Medium
2438,67,212,65,2701.12,Small
2439,51,212,65,2883.53,Small
2440,52,212,65,3275.56,Medium
2441,53,212,65,4025.6,Medium
2442,71,212,65,2502.9,Small
2443,72,212,65,1624.25,Small
2444,54,212,65,3978.51,Medium
2445,74,213,7,5288.01,Medium
2446,75,213,7,3834.38,Medium
2447,56,213,7,2909.34,Small
2448,77,213,7,1172.6,Small
2449,78,213,7,4197.1,Medium
2450,59,213,7,4328.6,Medium
2451,73,214,46,733.11,Small
2452,81,214,46,3420.0,Medium
2453,76,214,46,3867.08,Medium
2454,79,214,46,2443.29,Small
2455,90,214,46,2046.0,Small
2456,63,214,46,10039.6,Large
2457,80,214,46,6353.27,Medium
2458,64,214,46,3619.44,Medium
2459,95,214,46,4701.88,Medium
2460,65,214,46,3224.2,Medium
2461,96,214,46,5406.66,Medium
2462,66,214,46,3029.19,Medium
2463,68,214,46,3856.71,Medium
2464,69,214,46,1668.25,Small
2465,70,214,46,5208.72,Medium
2466,82,215,15,3987.2,Medium
2467,83,216,86,1627.92,Small
2468,84,216,86,5182.0,Medium
2469,97,216,86,5895.05,Medium
2470,85,216,86,2100.56,Small
2471,98,216,86,4352.76,Medium
2472,31,216,86,7264.53,Large
2473,102,217,34,1449.76,Small
2474,86,217,34,2464.0,Small
2475,87,217,34,4149.07,Medium
2476,88,217,34,4609.64,Medium
2477,89,217,34,3289.86,Medium
2478,101,217,34,5856.85,Medium
2479,91,217,34,1910.84,Small
2480,92,217,34,1757.91,Small
2481,93,217,34,4894.17,Medium
2482,94,217,34,3298.4,Medium
2483,1,217,34,5399.55,Medium
2484,2,217,34,1331.1,Small
2485,99,217,34,5127.2,Medium
2486,100,217,34,2266.56,Small
2487,105,217,34,3970.56,Medium
2488,9,218,34,2515.32,Small
2489,5,218,34,4931.6,Medium
2490,6,218,34,990.78,Small
2491,3,218,34,3376.64,Medium
2492,103,218,34,4536.0,Medium
2493,104,218,34,3441.82,Medium
2494,7,218,34,2257.92,Small
2495,8,218,34,1845.45,Small
2496,106,218,34,1350.0,Small
2497,107,218,34,1596.76,Small
2498,108,218,34,3478.64,Medium
2499,109,218,34,3953.18,Medium
2500,4,218,34,4086.29,Medium
2501,11,219,24,8254.8,Large
2502,12,219,24,6231.54,Medium
2503,13,219,24,2952.0,Small
2504,14,219,24,4704.0,Medium
2505,10,219,24,1320.75,Small
2506,15,219,24,1701.7,Small
2507,16,219,24,4319.76,Medium
2508,17,219,24,2723.2,Small
2509,18,219,24,4288.2,Medium
2510,41,219,57,3823.64,Medium
2511,27,219,57,4071.85,Medium
2512,42,219,57,3241.9,Medium
2513,28,219,57,2130.56,Small
2514,29,219,57,2200.0,Small
2515,19,219,57,8935.5,Large
2516,20,219,57,4890.6,Medium
2517,21,219,57,7827.3,Large
2518,22,219,57,2654.4,Small
2519,23,219,57,4592.61,Medium
2520,24,219,57,2708.42,Small
2521,25,219,57,6799.68,Medium
2522,26,219,57,1864.56,Small
2523,30,220,34,3843.99,Medium
2524,43,220,34,1476.48,Small
2525,31,220,34,6869.05,Medium
2526,44,220,34,3340.48,Medium
2527,32,220,34,5340.9,Medium
2528,45,220,34,1640.24,Small
2529,33,220,34,2018.72,Small
2530,34,220,34,6089.6,Medium
2531,35,220,34,1972.11,Small
2532,36,220,34,1701.76,Small
2533,37,220,34,1587.08,Small
2534,38,220,34,3087.05,Medium
2535,39,220,34,2282.28,Small
2536,40,221,24,4846.7,Medium
2537,46,221,24,2255.12,Small
2538,47,221,24,4208.41,Medium
2539,50,221,24,6397.44,Medium
2540,48,222,57,3164.98,Medium
2541,49,222,57,1933.5,Small
2542,55,223,34,1364.25,Small
2543,56,223,34,1570.17,Small
2544,57,223,34,3441.37,Medium
2545,58,223,34,1266.1,Small
2546,59,223,34,1376.43,Small
2547,60,223,34,2182.44,Small
2548,61,223,34,2231.6,Small
2549,62,223,34,3006.12,Medium
2550,63,223,34,3167.0,Medium
2551,67,223,34,2487.04,Small
2552,68,223,34,3102.08,Medium
2553,51,223,34,5017.57,Medium
2554,70,223,34,3018.88,Medium
2555,52,223,34,4143.6,Medium
2556,53,223,34,2864.4,Small
2557,71,223,34,3801.6,Medium
2558,72,223,34,4357.5,Medium
2559,54,223,34,5417.57,Medium
2560,80,224,32,4175.6,Medium
2561,73,225,35,3207.12,Medium
2562,74,225,35,2225.5,Small
2563,75,225,35,1822.17,Small
2564,76,225,35,5951.44,Medium
2565,64,225,35,3918.95,Medium
2566,65,225,35,3211.38,Medium
2567,66,225,35,10066.6,Large
2568,69,225,35,7154.5,Large
2569,81,225,74,2575.04,Small
2570,82,225,74,1809.5,Small
2571,83,225,74,2529.36,Small
2572,84,225,74,5243.79,Medium
2573,85,225,74,3881.78,Medium
2574,77,225,74,6981.0,Medium
2575,78,225,74,4597.65,Medium
2576,79,225,74,3988.6,Medium
2577,97,226,57,3375.72,Medium
2578,98,226,57,1463.7,Small
2579,5,226,57,3068.69,Medium
2580,6,226,57,2030.86,Small
2581,86,226,57,5491.6,Medium
2582,87,226,57,7397.0,Large
2583,88,226,57,5079.96,Medium
2584,89,226,57,6862.94,Medium
2585,90,226,57,2279.55,Small
2586,101,226,57,4894.73,Medium
2587,91,226,57,2430.64,Small
2588,92,226,57,6763.05,Medium
2589,93,226,57,2472.6,Small
2590,94,226,57,1826.96,Small
2591,95,226,57,2204.1,Small
2592,96,226,57,3491.18,Medium
2593,11,227,3,2416.56,Small
2594,12,227,3,1735.3,Small
2595,13,227,3,2464.8,Small
2596,14,227,3,2467.9,Small
2597,9,227,3,5548.9,Medium
2598,10,227,3,4998.0,Medium
2599,15,227,3,1694.0,Small
2600,16,227,3,1448.0,Small
2601,7,227,3,8344.71,Large
2602,8,227,3,4042.08,Medium
2603,17,228,53,2218.52,Small
2604,18,228,53,2520.68,Small
2605,19,228,53,4035.96,Medium
2606,31,229,34,3353.02,Medium
2607,32,229,34,6376.58,Medium
2608,33,229,34,1558.99,Small
2609,34,229,34,1789.4,Small
2610,35,229,34,5207.75,Medium
2611,36,229,34,2259.72,Small
2612,37,229,34,1808.4,Small
2613,40,230,48,3370.56,Medium
2614,41,230,48,2280.96,Small
2615,38,230,48,5692.96,Medium
2616,39,230,48,8977.05,Large
2617,42,231,57,6109.29,Medium
2618,43,231,57,5273.73,Medium
2619,44,231,57,2154.0,Small
2620,45,231,57,4739.4,Medium
2621,46,231,57,5720.75,Medium
2622,47,231,57,2246.4,Small
2623,48,231,57,3351.09,Medium
2624,49,231,57,2600.13,Small
2625,50,232,1,2577.6,Small
2626,51,232,1,1463.0,Small
2627,52,232,1,5192.64,Medium
2628,53,232,1,3789.72,Medium
2629,54,232,1,2116.16,Small
2630,55,233,68,4215.09,Medium
2631,56,233,68,2613.92,Small
2632,57,233,68,2023.28,Small
2633,58,233,68,4811.85,Medium
2634,59,233,68,5552.16,Medium
2635,60,233,68,1611.4,Small
2636,61,233,68,2436.78,Small
2637,62,233,68,2797.84,Small
2638,63,233,68,3521.25,Medium
2639,64,233,68,1483.02,Small
2640,65,233,68,1796.34,Small
2641,66,233,68,4121.43,Medium
2642,67,233,68,3910.32,Medium
2643,68,233,68,1908.72,Small
2644,69,233,68,2810.83,Small
2645,70,233,68,1902.4,Small
2646,71,233,68,3144.96,Medium
2647,72,233,68,1367.48,Small
2648,40,234,83,9661.44,Large
2649,55,234,83,6433.82,Medium
2650,57,234,83,2245.2,Small
2651,58,234,83,7307.42,Large
2652,60,234,83,1479.84,Small
2653,61,234,83,2173.6,Small
2654,48,234,83,3064.32,Medium
2655,67,234,83,4038.8,Medium
2656,72,234,83,1122.4,Small
2657,56,235,82,3193.26,Medium
2658,59,235,82,3659.02,Medium
2659,62,235,82,3843.2,Medium
2660,63,235,82,4219.28,Medium
2661,80,235,82,4992.61,Medium
2662,64,235,82,4819.26,Medium
2663,65,235,82,1979.6,Small
2664,66,235,82,1135.31,Small
2665,68,235,82,7543.75,Large
2666,69,235,82,2018.31,Small
2667,70,235,82,7084.0,Large
2668,71,235,82,2031.4,Small
2669,74,236,9,5833.8,Medium
2670,77,236,9,3064.6,Medium
2671,79,236,9,5168.4,Medium
2672,73,237,88,2434.56,Small
2673,75,237,88,11886.6,Large
2674,76,237,88,8648.64,Large
2675,88,237,88,1879.92,Small
2676,78,237,88,5287.7,Medium
2677,90,237,88,2150.55,Small
2678,94,237,88,1206.9,Small
2679,95,237,88,5189.4,Medium
2680,96,237,88,2118.54,Small
2681,84,238,54,9048.16,Large
2682,85,238,54,4509.12,Medium
2683,31,238,54,8289.05,Large
2684,101,238,54,2094.32,Small
2685,92,238,54,11739.7,Large
2686,97,239,28,8374.69,Large
2687,98,239,28,7169.28,Large
2688,100,239,28,10468.9,Large
2689,102,240,83,7048.14,Large
2690,1,240,83,14082.8,Large
2691,2,240,83,3051.3,Medium
2692,99,240,83,6386.16,Medium
2693,3,240,83,541.14,Small
2694,103,240,83,4421.34,Medium
2695,104,240,83,1987.18,Small
2696,105,240,83,2576.0,Small
2697,106,240,83,7182.0,Large
2698,107,240,83,5820.35,Medium
2699,108,240,83,1057.29,Small
2700,109,240,83,3729.39,Medium
2701,4,240,84,553.95,Small
2702,5,241,40,785.64,Small
2703,7,241,40,1801.94,Small
2704,11,242,67,4140.23,Medium
2705,12,242,67,4427.73,Medium
2706,13,242,67,6232.0,Medium
2707,14,242,67,3213.0,Medium
2708,20,242,67,5235.72,Medium
2709,21,242,67,2095.45,Small
2710,24,242,67,2904.72,Small
2711,25,242,67,1867.32,Small
2712,26,242,67,3576.8,Medium
2713,28,243,34,5951.34,Medium
2714,29,243,34,6712.93,Medium
2715,30,243,34,5498.08,Medium
2716,15,243,34,2913.53,Small
2717,31,243,34,11887.8,Large
2718,33,243,34,1104.6,Small
2719,22,243,34,8498.0,Large
2720,34,243,34,1082.1,Small
2721,35,243,34,4253.2,Medium
2722,36,243,34,925.3,Small
2723,38,243,34,3460.86,Medium
2724,41,244,36,8677.8,Large
2725,27,244,36,8236.75,Large
2726,42,244,36,3387.78,Medium
2727,32,244,36,6896.75,Medium
2728,37,244,36,1193.04,Small
2729,39,244,36,3256.35,Medium
2730,40,245,38,2764.88,Small
2731,57,245,38,3255.12,Medium
2732,43,245,38,4872.03,Medium
2733,44,245,38,5808.48,Medium
2734,45,245,38,1207.68,Small
2735,46,245,38,3335.23,Medium
2736,47,245,38,6107.4,Medium
2737,48,245,38,3891.81,Medium
2738,49,245,38,2639.58,Small
2739,50,245,38,3533.62,Medium
2740,51,245,38,2352.59,Small
2741,52,245,38,3029.04,Medium
2742,53,245,38,2439.99,Small
2743,54,245,38,3079.44,Medium
2744,58,246,5,6209.25,Medium
2745,60,246,5,1424.22,Small
2746,61,246,5,1254.6,Small
2747,67,246,5,3070.4,Medium
2748,72,246,5,2419.62,Small
2749,55,247,44,4352.16,Medium
2750,56,247,44,1482.6,Small
2751,59,247,44,4165.61,Medium
2752,79,247,44,2803.2,Small
2753,62,247,44,1351.08,Small
2754,63,247,44,3581.76,Medium
2755,80,247,44,4764.6,Medium
2756,64,247,44,1591.72,Small
2757,65,247,44,1921.41,Small
2758,66,247,44,2100.82,Small
2759,68,247,44,2457.18,Small
2760,69,247,44,5642.83,Medium
2761,70,247,44,2620.8,Small
2762,71,247,44,2674.17,Small
2763,73,248,34,7516.08,Large
2764,74,248,34,5887.35,Medium
2765,75,248,34,9218.16,Large
2766,76,248,34,3447.78,Medium
2767,77,248,34,2202.48,Small
2768,78,248,34,3550.05,Medium
2769,81,249,72,1961.28,Small
2770,82,249,72,1092.2,Small
2771,83,249,72,3065.78,Medium
2772,84,249,72,3832.64,Medium
2773,97,249,72,4464.24,Medium
2774,102,249,72,5202.94,Medium
2775,85,249,72,3273.27,Medium
2776,98,249,72,4594.76,Medium
2777,99,249,72,7695.6,Large
2778,31,249,72,5926.9,Medium
2779,100,249,72,5589.14,Medium
2780,101,249,72,640.05,Small
2781,91,249,72,2896.3,Small
2782,92,249,72,9240.0,Large
2783,1,250,77,5283.6,Medium
2784,2,250,77,2288.52,Small
2785,5,250,77,4977.0,Medium
2786,3,250,77,6134.7,Medium
2787,103,250,77,2078.28,Small
2788,104,250,77,3880.2,Medium
2789,105,250,77,2233.69,Small
2790,7,250,77,1209.6,Small
2791,106,250,77,3933.93,Medium
2792,107,250,77,5296.5,Medium
2793,108,250,77,3385.9,Medium
2794,109,250,77,2617.16,Small
2795,4,250,77,652.35,Small
2796,6,250,57,5433.75,Medium
2797,8,250,57,1828.0,Small
2798,9,251,29,4873.05,Medium
2799,10,251,29,1293.75,Small
2800,16,251,66,881.4,Small
2801,17,251,66,1665.32,Small
2802,18,251,66,1781.22,Small
2803,19,251,66,1875.09,Small
2804,23,251,66,2208.92,Small
2805,11,252,34,12001.0,Large
2806,13,252,34,7969.36,Large
2807,14,252,34,7182.0,Large
2808,21,252,34,1556.62,Small
2809,25,252,34,2702.04,Small
2810,26,252,34,3722.32,Medium
2811,12,252,46,5894.94,Medium
2812,28,252,46,4692.6,Medium
2813,29,252,46,5318.04,Medium
2814,30,252,46,3777.58,Medium
2815,15,252,46,935.18,Small
2816,31,252,46,3793.16,Medium
2817,20,252,46,4325.16,Medium
2818,33,252,46,2575.1,Small
2819,22,252,46,5510.54,Medium
2820,34,252,46,1030.44,Small
2821,24,252,46,3553.88,Medium
2822,36,252,46,482.13,Small
2823,38,252,46,1895.94,Small
